skin_concern,skin_type,home_remedy,chemical_product
Dark Spots (Hyperpigmentation),Normal,"	Honey	Turmeric	Milk	Rose Water	Lemon Juice","	Avobenzone	Benzoyl Peroxide	Salicylic Acid	Triclosan	Ferulic Acid"
Dark Spots (Hyperpigmentation),Normal,"	Aloe Vera Gel	Cucumber	Yogurt	Lemon Juice	Mint Leaves","	Sodium PCA	Titanium Dioxide	Ceramides	Triclosan	Vitamin C"
Dark Spots (Hyperpigmentation),Normal,"	Gram Flour	Turmeric	Curd	Honey	Rose Water","	Tartaric Acid	Triclosan	Carbomer	Niacinamide	Triethanolamine"
Dark Spots (Hyperpigmentation),Normal,"	Papaya	Banana	Milk	Honey	Oatmeal","	Licorice Extract	Glycolic Acid	Salicylic Acid	Niacinamide	Zinc Oxide"
Dark Spots (Hyperpigmentation),Normal,"	Tomato Pulp	Yogurt	Lemon Juice	Honey	Rice Flour","	Titanium Dioxide	Gluconolactone	Octinoxate	Salicylic Acid	Butylene Glycol"
Dark Spots (Hyperpigmentation),Normal,"	Orange Peel Powder	Milk	Honey	Aloe Vera	Rose Water","	Kojic Acid	Glycerin	Sodium Hydroxide	Squalane	Carbomer"
Dark Spots (Hyperpigmentation),Normal,"	Coffee Powder	Coconut Oil	Sugar	Lemon Juice	Honey","	Allantoin	Titanium Dioxide	BHA (Beta Hydroxy Acid)	Triethanolamine	Ferulic Acid"
Dark Spots (Hyperpigmentation),Sensitive,"	Besan (Gram Flour)	Sandalwood Powder	Turmeric	Milk Cream	Lemon Juice","	Hyaluronic Acid	Dimethyl Sulfone	Alpha Arbutin	Squalane	Licorice Extract"
Dark Spots (Hyperpigmentation),Sensitive,"	Green Tea	Aloe Vera	Honey	Curd	Cucumber Juice","	Cyclopentasiloxane	Ferulic Acid	Peptides	Zinc Oxide	Dimethyl Sulfone"
Dark Spots (Hyperpigmentation),Sensitive,"	Almond Paste	Milk	Saffron	Honey	Oats Powder","	Cyclopentasiloxane	Vitamin C	Niacinamide	Citric Acid	Hydroquinone"
Dark Spots (Hyperpigmentation),Sensitive,"	Avocado Pulp	Milk Cream	Honey	Lemon Juice	Rose Water","	Hydroquinone	Octinoxate	Panthenol	Glycolic Acid	Caprylic Acid"
Dark Spots (Hyperpigmentation),Sensitive,"	Banana	Milk Powder	Oatmeal	Honey	Turmeric","	AHA (Alpha Hydroxy Acid)	Carbomer	Benzoyl Peroxide	Citric Acid	Niacinamide"
Dark Spots (Hyperpigmentation),Sensitive,"	Strawberry Pulp	Yogurt	Honey	Lemon Juice	Sugar","	Butylene Glycol	Resveratrol	Avobenzone	Oxybenzone	Tocopherol"
Dark Spots (Hyperpigmentation),Sensitive,"	Potato Juice	Rice Flour	Turmeric	Aloe Vera	Milk","	BHT (Butylated Hydroxytoluene)	Kojic Acid	Glycerin	Retinol	Glycolic Acid"
Dark Spots (Hyperpigmentation),Combinational,"	Cucumber Pulp	Mint Paste	Honey	Yogurt	Rose Water","	Benzoic Acid	Titanium Dioxide	Disodium EDTA	Resveratrol	Niacinamide"
Dark Spots (Hyperpigmentation),Combinational,"	Carrot Paste	Yogurt	Honey	Turmeric	Aloe Vera Gel","	Titanium Dioxide	Vitamin C	Citric Acid	Ferulic Acid	AHA (Alpha Hydroxy Acid)"
Dark Spots (Hyperpigmentation),Combinational,"	Sandalwood Powder	Rose Water	Curd	Turmeric	Rice Flour","	Avobenzone	Tocopherol	Alpha Arbutin	Hydroquinone	Zinc Oxide"
Dark Spots (Hyperpigmentation),Combinational,"	Pumpkin Puree	Honey	Aloe Vera Gel	Yogurt	Oat Flour","	Benzoic Acid	Ferulic Acid	Squalane	Tartaric Acid	Sodium Hydroxide"
Dark Spots (Hyperpigmentation),Combinational,"	Multani Mitti	Rose Water	Honey	Turmeric	Yogurt","	Retinol	Octinoxate	Avobenzone	Alpha Arbutin	Carbomer"
Dark Spots (Hyperpigmentation),Combinational,"	Pineapple Pulp	Milk	Rice Flour	Honey	Lemon Juice","	Caprylic Acid	Sodium PCA	Alpha Arbutin	AHA (Alpha Hydroxy Acid)	Citric Acid"
Dark Spots (Hyperpigmentation),Combinational,"	Spinach Puree	Milk Cream	Honey	Cucumber Juice	Yogurt","	Ferulic Acid	Avobenzone	Squalane	Butylene Glycol	Titanium Dioxide"
Dark Spots (Hyperpigmentation),Dry,"	Neem Powder	Honey	Turmeric	Milk	Lemon Juice","	Tartaric Acid	Dimethicone	Disodium EDTA	Lactic Acid	Titanium Dioxide"
Dark Spots (Hyperpigmentation),Dry,"	Egg White	Honey	Lemon Juice	Oatmeal	Aloe Vera Gel","	Glycolic Acid	Dimethicone	Caffeine	Ferulic Acid	Retinol"
Dark Spots (Hyperpigmentation),Dry,"	Kiwi Pulp	Yogurt	Rice Flour	Honey	Rose Water","	Zinc Oxide	BHT (Butylated Hydroxytoluene)	Glycerin	Dimethicone	Sodium Hydroxide"
Dark Spots (Hyperpigmentation),Dry,"	Apple Pulp	Milk	Honey	Oatmeal	Lemon Juice","	Ethylhexylglycerin	Caffeine	Sodium Hydroxide	AHA (Alpha Hydroxy Acid)	Peptides"
Dark Spots (Hyperpigmentation),Dry,"	Gram Flour	Orange Juice	Turmeric	Yogurt	Honey","	Panthenol	Ceramides	Sodium PCA	Triclosan	Butylene Glycol"
Dark Spots (Hyperpigmentation),Dry,"	Mango Pulp	Milk Cream	Honey	Rice Flour	Lemon Juice","	Carbomer	Panthenol	Triclosan	Triethanolamine	Licorice Extract"
Dark Spots (Hyperpigmentation),Dry,"	Pomegranate Juice	Honey	Aloe Vera Gel	Milk Cream	Oat Powder","	Triethanolamine	Caffeine	Tocopherol	Titanium Dioxide	Ceramides"
Dark Spots (Hyperpigmentation),Oily,"	Watermelon Pulp	Honey	Curd	Rice Flour	Lemon Juice","	Gluconolactone	Ethylhexylglycerin	Niacinamide	Dimethyl Sulfone	Lactic Acid"
Dark Spots (Hyperpigmentation),Oily,"	Beetroot Juice	Gram Flour	Turmeric	Yogurt	Honey","	Benzoyl Peroxide	Peptides	Avobenzone	Alpha Arbutin	Tartaric Acid"
Dark Spots (Hyperpigmentation),Oily,"	Rose Petal Powder	Yogurt	Honey	Lemon Juice	Aloe Vera","	Licorice Extract	Octinoxate	Retinol	Citric Acid	AHA (Alpha Hydroxy Acid)"
Dark Spots (Hyperpigmentation),Oily,"	Pear Pulp	Oat Flour	Milk	Honey	Rose Water","	Phenoxyethanol	Panthenol	Butylene Glycol	Hyaluronic Acid	Tartaric Acid"
Dark Spots (Hyperpigmentation),Oily,"	Carrot Juice	Turmeric	Milk Cream	Honey	Oatmeal","	Caprylic Acid	Benzoyl Peroxide	Tartaric Acid	Carbomer	Dimethyl Sulfone"
Dark Spots (Hyperpigmentation),Oily,"	Papaya Pulp	Lemon Juice	Milk	Rice Flour	Honey","	Ferulic Acid	Disodium EDTA	Sodium Hydroxide	Cyclopentasiloxane	Benzoyl Peroxide"
Dark Spots (Hyperpigmentation),Oily,"	Tomato Juice	Honey	Multani Mitti	Rose Water	Curd","	Resveratrol	Licorice Extract	Alpha Arbutin	AHA (Alpha Hydroxy Acid)	Hyaluronic Acid"
Melasma,Normal,"	Cucumber Juice	Honey	Aloe Vera	Turmeric	Mint Paste","	Caprylic Acid	Panthenol	Gluconolactone	Dimethyl Sulfone	Azelaic Acid"
Melasma,Normal,"	Potato Paste	Curd	Honey	Milk Powder	Lemon Juice","	Gluconolactone	Vitamin C	Avobenzone	Urea	Octinoxate"
Melasma,Normal,"	Pumpkin Juice	Yogurt	Rice Flour	Honey	Rose Water","	Kojic Acid	Peptides	Tocopherol	Dimethyl Sulfone	Alpha Arbutin"
Melasma,Normal,"	Coconut Milk	Turmeric	Honey	Rose Petal Powder	Curd","	Carbomer	Disodium EDTA	Phenoxyethanol	Hyaluronic Acid	Octinoxate"
Melasma,Normal,"	Papaya Juice	Multani Mitti	Milk	Turmeric	Honey","	Dimethicone	Ethylhexylglycerin	Salicylic Acid	Benzoyl Peroxide	Tocopherol"
Melasma,Normal,"	Honey	Turmeric	Milk	Rose Water	Lemon Juice","	Urea	Sodium PCA	Lactic Acid	BHT (Butylated Hydroxytoluene)	Niacinamide"
Melasma,Normal,"	Aloe Vera Gel	Cucumber	Yogurt	Lemon Juice	Mint Leaves","	Niacinamide	Caprylic Acid	Ethylhexylglycerin	Retinol	Dimethyl Sulfone"
Melasma,Sensitive,"	Gram Flour	Turmeric	Curd	Honey	Rose Water","	Carbomer	Disodium EDTA	Ceramides	Benzoic Acid	Propylene Glycol"
Melasma,Sensitive,"	Papaya	Banana	Milk	Honey	Oatmeal","	Butylene Glycol	Alpha Arbutin	Panthenol	Phenoxyethanol	Octinoxate"
Melasma,Sensitive,"	Tomato Pulp	Yogurt	Lemon Juice	Honey	Rice Flour","	Licorice Extract	Zinc Oxide	Carbomer	Dimethyl Sulfone	Caprylic Acid"
Melasma,Sensitive,"	Orange Peel Powder	Milk	Honey	Aloe Vera	Rose Water","	Squalane	Kojic Acid	Glycerin	Urea	Caffeine"
Melasma,Sensitive,"	Coffee Powder	Coconut Oil	Sugar	Lemon Juice	Honey","	Benzoic Acid	Sodium Hydroxide	Tocopherol	BHA (Beta Hydroxy Acid)	Phenoxyethanol"
Melasma,Sensitive,"	Besan (Gram Flour)	Sandalwood Powder	Turmeric	Milk Cream	Lemon Juice","	BHA (Beta Hydroxy Acid)	Benzoyl Peroxide	Sodium PCA	Titanium Dioxide	Retinol"
Melasma,Sensitive,"	Green Tea	Aloe Vera	Honey	Curd	Cucumber Juice","	Cyclopentasiloxane	Salicylic Acid	Triethanolamine	Butylene Glycol	Titanium Dioxide"
Melasma,Combinational,"	Almond Paste	Milk	Saffron	Honey	Oats Powder","	Triethanolamine	Titanium Dioxide	Hyaluronic Acid	Retinol	Glycerin"
Melasma,Combinational,"	Avocado Pulp	Milk Cream	Honey	Lemon Juice	Rose Water","	Avobenzone	Lactic Acid	Titanium Dioxide	Retinol	Glycolic Acid"
Melasma,Combinational,"	Banana	Milk Powder	Oatmeal	Honey	Turmeric","	Cyclopentasiloxane	Retinol	Gluconolactone	Sodium PCA	Ferulic Acid"
Melasma,Combinational,"	Strawberry Pulp	Yogurt	Honey	Lemon Juice	Sugar","	Benzoic Acid	Ethylhexylglycerin	Zinc Oxide	Carbomer	Ceramides"
Melasma,Combinational,"	Potato Juice	Rice Flour	Turmeric	Aloe Vera	Milk","	Caprylic Acid	BHT (Butylated Hydroxytoluene)	Propylene Glycol	Sodium PCA	Allantoin"
Melasma,Combinational,"	Cucumber Pulp	Mint Paste	Honey	Yogurt	Rose Water","	Kojic Acid	Vitamin C	Benzoic Acid	Licorice Extract	Hydroquinone"
Melasma,Combinational,"	Carrot Paste	Yogurt	Honey	Turmeric	Aloe Vera Gel","	Licorice Extract	Allantoin	AHA (Alpha Hydroxy Acid)	Caprylic Acid	Lactic Acid"
Melasma,Dry,"	Sandalwood Powder	Rose Water	Curd	Turmeric	Rice Flour","	Tartaric Acid	Sodium Hydroxide	Vitamin C	Lactic Acid	Caffeine"
Melasma,Dry,"	Pumpkin Puree	Honey	Aloe Vera Gel	Yogurt	Oat Flour","	Caprylic Acid	Cyclopentasiloxane	Vitamin C	Sodium PCA	Kojic Acid"
Melasma,Dry,"	Multani Mitti	Rose Water	Honey	Turmeric	Yogurt","	Kojic Acid	Carbomer	BHA (Beta Hydroxy Acid)	Ceramides	Licorice Extract"
Melasma,Dry,"	Pineapple Pulp	Milk	Rice Flour	Honey	Lemon Juice","	Azelaic Acid	Ferulic Acid	AHA (Alpha Hydroxy Acid)	Sodium PCA	Retinol"
Melasma,Dry,"	Spinach Puree	Milk Cream	Honey	Cucumber Juice	Yogurt","	BHA (Beta Hydroxy Acid)	Butylene Glycol	Vitamin C	Lactic Acid	Sodium Hydroxide"
Melasma,Dry,"	Neem Powder	Honey	Turmeric	Milk	Lemon Juice","	Carbomer	Hyaluronic Acid	Niacinamide	Dimethyl Sulfone	Sodium PCA"
Melasma,Dry,"	Egg White	Honey	Lemon Juice	Oatmeal	Aloe Vera Gel","	Alpha Arbutin	Allantoin	Ethylhexylglycerin	Propylene Glycol	Zinc Oxide"
Melasma,Oily,"	Kiwi Pulp	Yogurt	Rice Flour	Honey	Rose Water","	Caffeine	Lactic Acid	Alpha Arbutin	Citric Acid	Hyaluronic Acid"
Melasma,Oily,"	Apple Pulp	Milk	Honey	Oatmeal	Lemon Juice","	Citric Acid	Panthenol	AHA (Alpha Hydroxy Acid)	Resveratrol	Licorice Extract"
Melasma,Oily,"	Gram Flour	Orange Juice	Turmeric	Yogurt	Honey","	Squalane	Caprylic Acid	Butylene Glycol	Benzoic Acid	Glycerin"
Melasma,Oily,"	Mango Pulp	Milk Cream	Honey	Rice Flour	Lemon Juice","	Ethylhexylglycerin	Peptides	Kojic Acid	Resveratrol	Zinc Oxide"
Melasma,Oily,"	Pomegranate Juice	Honey	Aloe Vera Gel	Milk Cream	Oat Powder","	Lactic Acid	Triethanolamine	Triclosan	Carbomer	Dimethicone"
Melasma,Oily,"	Watermelon Pulp	Honey	Curd	Rice Flour	Lemon Juice","	Lactic Acid	Triethanolamine	Propylene Glycol	Gluconolactone	Phenoxyethanol"
Melasma,Oily,"	Beetroot Juice	Gram Flour	Turmeric	Yogurt	Honey","	Alpha Arbutin	Lactic Acid	Gluconolactone	Niacinamide	Azelaic Acid"
Uneven Skin Tone,Normal,"	Rose Petal Powder	Yogurt	Honey	Lemon Juice	Aloe Vera","	Retinol	Octinoxate	Tartaric Acid	Sodium PCA	Caffeine"
Uneven Skin Tone,Normal,"	Pear Pulp	Oat Flour	Milk	Honey	Rose Water","	Benzoyl Peroxide	BHT (Butylated Hydroxytoluene)	Sodium PCA	Triethanolamine	Octinoxate"
Uneven Skin Tone,Normal,"	Carrot Juice	Turmeric	Milk Cream	Honey	Oatmeal","	Glycolic Acid	Oxybenzone	Niacinamide	Allantoin	Benzoic Acid"
Uneven Skin Tone,Normal,"	Papaya Pulp	Lemon Juice	Milk	Rice Flour	Honey","	Triethanolamine	BHT (Butylated Hydroxytoluene)	Phenoxyethanol	Dimethicone	Panthenol"
Uneven Skin Tone,Normal,"	Tomato Juice	Honey	Multani Mitti	Rose Water	Curd","	Zinc Oxide	Benzoic Acid	Glycerin	Dimethicone	Sodium PCA"
Uneven Skin Tone,Normal,"	Cucumber Juice	Honey	Aloe Vera	Turmeric	Mint Paste","	Panthenol	Caffeine	Ceramides	Benzoic Acid	Sodium Hydroxide"
Uneven Skin Tone,Normal,"	Potato Paste	Curd	Honey	Milk Powder	Lemon Juice","	Urea	AHA (Alpha Hydroxy Acid)	Dimethicone	Dimethyl Sulfone	Retinol"
Uneven Skin Tone,Sensitive,"	Pumpkin Juice	Yogurt	Rice Flour	Honey	Rose Water","	Hyaluronic Acid	AHA (Alpha Hydroxy Acid)	Oxybenzone	BHT (Butylated Hydroxytoluene)	Vitamin C"
Uneven Skin Tone,Sensitive,"	Coconut Milk	Turmeric	Honey	Rose Petal Powder	Curd","	Retinol	Carbomer	Zinc Oxide	Gluconolactone	Panthenol"
Uneven Skin Tone,Sensitive,"	Papaya Juice	Multani Mitti	Milk	Turmeric	Honey","	Ceramides	Hydroquinone	Retinol	Sodium PCA	Tocopherol"
Uneven Skin Tone,Sensitive,"	Honey	Turmeric	Milk	Rose Water	Lemon Juice","	Resveratrol	Alpha Arbutin	BHA (Beta Hydroxy Acid)	Carbomer	Glycerin"
Uneven Skin Tone,Sensitive,"	Aloe Vera Gel	Cucumber	Yogurt	Lemon Juice	Mint Leaves","	Urea	Oxybenzone	Sodium Hydroxide	Phenoxyethanol	Hyaluronic Acid"
Uneven Skin Tone,Sensitive,"	Gram Flour	Turmeric	Curd	Honey	Rose Water","	Benzoic Acid	Butylene Glycol	Urea	Vitamin C	Ceramides"
Uneven Skin Tone,Sensitive,"	Papaya	Banana	Milk	Honey	Oatmeal","	Panthenol	Benzoyl Peroxide	Vitamin C	Triclosan	Butylene Glycol"
Uneven Skin Tone,Combinational,"	Tomato Pulp	Yogurt	Lemon Juice	Honey	Rice Flour","	Peptides	Ferulic Acid	Resveratrol	Octinoxate	Zinc Oxide"
Uneven Skin Tone,Combinational,"	Orange Peel Powder	Milk	Honey	Aloe Vera	Rose Water","	Glycerin	Cyclopentasiloxane	Zinc Oxide	Tartaric Acid	Avobenzone"
Uneven Skin Tone,Combinational,"	Coffee Powder	Coconut Oil	Sugar	Lemon Juice	Honey","	Panthenol	Gluconolactone	Ethylhexylglycerin	Lactic Acid	Niacinamide"
Uneven Skin Tone,Combinational,"	Besan (Gram Flour)	Sandalwood Powder	Turmeric	Milk Cream	Lemon Juice","	Avobenzone	Licorice Extract	Ferulic Acid	Glycolic Acid	Hyaluronic Acid"
Uneven Skin Tone,Combinational,"	Green Tea	Aloe Vera	Honey	Curd	Cucumber Juice","	Cyclopentasiloxane	Disodium EDTA	Ceramides	Avobenzone	Panthenol"
Uneven Skin Tone,Combinational,"	Almond Paste	Milk	Saffron	Honey	Oats Powder","	Alpha Arbutin	Triclosan	BHA (Beta Hydroxy Acid)	Butylene Glycol	Glycerin"
Uneven Skin Tone,Combinational,"	Avocado Pulp	Milk Cream	Honey	Lemon Juice	Rose Water","	Licorice Extract	Butylene Glycol	Hyaluronic Acid	Benzoyl Peroxide	Retinol"
Uneven Skin Tone,Dry,"	Banana	Milk Powder	Oatmeal	Honey	Turmeric","	Squalane	Peptides	Carbomer	Glycolic Acid	Tocopherol"
Uneven Skin Tone,Dry,"	Strawberry Pulp	Yogurt	Honey	Lemon Juice	Sugar","	Triethanolamine	Butylene Glycol	Peptides	Licorice Extract	Ceramides"
Uneven Skin Tone,Dry,"	Potato Juice	Rice Flour	Turmeric	Aloe Vera	Milk","	Glycolic Acid	Urea	Tocopherol	Hydroquinone	Zinc Oxide"
Uneven Skin Tone,Dry,"	Cucumber Pulp	Mint Paste	Honey	Yogurt	Rose Water","	Tartaric Acid	Sodium PCA	Benzoic Acid	Vitamin C	Hydroquinone"
Uneven Skin Tone,Dry,"	Carrot Paste	Yogurt	Honey	Turmeric	Aloe Vera Gel","	Disodium EDTA	Butylene Glycol	Allantoin	Oxybenzone	Triclosan"
Uneven Skin Tone,Dry,"	Sandalwood Powder	Rose Water	Curd	Turmeric	Rice Flour","	Peptides	Sodium PCA	Alpha Arbutin	Azelaic Acid	Allantoin"
Uneven Skin Tone,Dry,"	Pumpkin Puree	Honey	Aloe Vera Gel	Yogurt	Oat Flour","	Salicylic Acid	Azelaic Acid	Triclosan	Cyclopentasiloxane	Allantoin"
Uneven Skin Tone,Oily,"	Multani Mitti	Rose Water	Honey	Turmeric	Yogurt","	Benzoic Acid	Triclosan	Sodium PCA	Ferulic Acid	Alpha Arbutin"
Uneven Skin Tone,Oily,"	Pineapple Pulp	Milk	Rice Flour	Honey	Lemon Juice","	Squalane	Vitamin C	Citric Acid	Glycolic Acid	Propylene Glycol"
Uneven Skin Tone,Oily,"	Spinach Puree	Milk Cream	Honey	Cucumber Juice	Yogurt","	Titanium Dioxide	Kojic Acid	AHA (Alpha Hydroxy Acid)	Hydroquinone	Urea"
Uneven Skin Tone,Oily,"	Neem Powder	Honey	Turmeric	Milk	Lemon Juice","	Titanium Dioxide	Salicylic Acid	Benzoic Acid	Kojic Acid	Caffeine"
Uneven Skin Tone,Oily,"	Egg White	Honey	Lemon Juice	Oatmeal	Aloe Vera Gel","	Cyclopentasiloxane	Ferulic Acid	Retinol	Disodium EDTA	Hydroquinone"
Uneven Skin Tone,Oily,"	Kiwi Pulp	Yogurt	Rice Flour	Honey	Rose Water","	Sodium Hydroxide	Gluconolactone	Caffeine	Tartaric Acid	Carbomer"
Uneven Skin Tone,Oily,"	Apple Pulp	Milk	Honey	Oatmeal	Lemon Juice","	Cyclopentasiloxane	Salicylic Acid	Benzoyl Peroxide	Panthenol	Azelaic Acid"
Large Pores,Normal,"	Gram Flour	Orange Juice	Turmeric	Yogurt	Honey","	Triethanolamine	Panthenol	Glycolic Acid	Vitamin C	Octinoxate"
Large Pores,Normal,"	Mango Pulp	Milk Cream	Honey	Rice Flour	Lemon Juice","	Licorice Extract	Hydroquinone	Caprylic Acid	Dimethicone	Octinoxate"
Large Pores,Normal,"	Pomegranate Juice	Honey	Aloe Vera Gel	Milk Cream	Oat Powder","	Gluconolactone	Benzoyl Peroxide	Citric Acid	BHT (Butylated Hydroxytoluene)	Kojic Acid"
Large Pores,Normal,"	Watermelon Pulp	Honey	Curd	Rice Flour	Lemon Juice","	Panthenol	Glycolic Acid	Glycerin	Licorice Extract	Hyaluronic Acid"
Large Pores,Normal,"	Beetroot Juice	Gram Flour	Turmeric	Yogurt	Honey","	Phenoxyethanol	Carbomer	Tartaric Acid	Caprylic Acid	Triclosan"
Large Pores,Normal,"	Rose Petal Powder	Yogurt	Honey	Lemon Juice	Aloe Vera","	Triclosan	Benzoic Acid	Kojic Acid	Tocopherol	Licorice Extract"
Large Pores,Normal,"	Pear Pulp	Oat Flour	Milk	Honey	Rose Water","	Retinol	Benzoic Acid	Cyclopentasiloxane	Oxybenzone	Dimethicone"
Large Pores,Sensitive,"	Carrot Juice	Turmeric	Milk Cream	Honey	Oatmeal","	Benzoic Acid	Benzoyl Peroxide	Caprylic Acid	Urea	Gluconolactone"
Large Pores,Sensitive,"	Papaya Pulp	Lemon Juice	Milk	Rice Flour	Honey","	Urea	Benzoic Acid	Allantoin	Dimethicone	Caffeine"
Large Pores,Sensitive,"	Tomato Juice	Honey	Multani Mitti	Rose Water	Curd","	Squalane	Resveratrol	Butylene Glycol	Ceramides	Kojic Acid"
Large Pores,Sensitive,"	Cucumber Juice	Honey	Aloe Vera	Turmeric	Mint Paste","	Allantoin	Benzoic Acid	Citric Acid	Tartaric Acid	Triclosan"
Large Pores,Sensitive,"	Potato Paste	Curd	Honey	Milk Powder	Lemon Juice","	Azelaic Acid	Oxybenzone	BHT (Butylated Hydroxytoluene)	Urea	Caffeine"
Large Pores,Sensitive,"	Pumpkin Juice	Yogurt	Rice Flour	Honey	Rose Water","	Butylene Glycol	Hyaluronic Acid	Urea	Resveratrol	Zinc Oxide"
Large Pores,Sensitive,"	Coconut Milk	Turmeric	Honey	Rose Petal Powder	Curd","	Licorice Extract	Triethanolamine	Octinoxate	Sodium Hydroxide	Dimethicone"
Large Pores,Combinational,"	Papaya Juice	Multani Mitti	Milk	Turmeric	Honey","	AHA (Alpha Hydroxy Acid)	BHA (Beta Hydroxy Acid)	Tartaric Acid	Zinc Oxide	Gluconolactone"
Large Pores,Combinational,"	Honey	Turmeric	Milk	Rose Water	Lemon Juice","	Propylene Glycol	Triclosan	Alpha Arbutin	Benzoic Acid	Niacinamide"
Large Pores,Combinational,"	Aloe Vera Gel	Cucumber	Yogurt	Lemon Juice	Mint Leaves","	Resveratrol	Gluconolactone	Benzoic Acid	Avobenzone	Oxybenzone"
Large Pores,Combinational,"	Gram Flour	Turmeric	Curd	Honey	Rose Water","	Cyclopentasiloxane	Niacinamide	Dimethyl Sulfone	Sodium PCA	Tartaric Acid"
Large Pores,Combinational,"	Papaya	Banana	Milk	Honey	Oatmeal","	Urea	Titanium Dioxide	Kojic Acid	Peptides	Salicylic Acid"
Large Pores,Combinational,"	Tomato Pulp	Yogurt	Lemon Juice	Honey	Rice Flour","	Glycolic Acid	Sodium PCA	Propylene Glycol	Oxybenzone	Disodium EDTA"
Large Pores,Combinational,"	Orange Peel Powder	Milk	Honey	Aloe Vera	Rose Water","	Retinol	AHA (Alpha Hydroxy Acid)	Allantoin	Avobenzone	BHT (Butylated Hydroxytoluene)"
Large Pores,Dry,"	Coffee Powder	Coconut Oil	Sugar	Lemon Juice	Honey","	Kojic Acid	Glycerin	Squalane	Citric Acid	Ethylhexylglycerin"
Large Pores,Dry,"	Besan (Gram Flour)	Sandalwood Powder	Turmeric	Milk Cream	Lemon Juice","	Caffeine	Sodium PCA	Peptides	Sodium Hydroxide	Squalane"
Large Pores,Dry,"	Green Tea	Aloe Vera	Honey	Curd	Cucumber Juice","	Hyaluronic Acid	Dimethyl Sulfone	Disodium EDTA	Vitamin C	Licorice Extract"
Large Pores,Dry,"	Almond Paste	Milk	Saffron	Honey	Oats Powder","	Titanium Dioxide	Azelaic Acid	Squalane	Phenoxyethanol	AHA (Alpha Hydroxy Acid)"
Large Pores,Dry,"	Avocado Pulp	Milk Cream	Honey	Lemon Juice	Rose Water","	Lactic Acid	Butylene Glycol	Sodium PCA	Benzoyl Peroxide	AHA (Alpha Hydroxy Acid)"
Large Pores,Dry,"	Banana	Milk Powder	Oatmeal	Honey	Turmeric","	Ceramides	AHA (Alpha Hydroxy Acid)	Benzoic Acid	Phenoxyethanol	Butylene Glycol"
Large Pores,Dry,"	Strawberry Pulp	Yogurt	Honey	Lemon Juice	Sugar","	Octinoxate	Dimethicone	Dimethyl Sulfone	BHA (Beta Hydroxy Acid)	Oxybenzone"
Large Pores,Oily,"	Potato Juice	Rice Flour	Turmeric	Aloe Vera	Milk","	Caprylic Acid	Gluconolactone	Licorice Extract	Butylene Glycol	BHA (Beta Hydroxy Acid)"
Large Pores,Oily,"	Cucumber Pulp	Mint Paste	Honey	Yogurt	Rose Water","	Alpha Arbutin	Triclosan	Propylene Glycol	BHA (Beta Hydroxy Acid)	Panthenol"
Large Pores,Oily,"	Carrot Paste	Yogurt	Honey	Turmeric	Aloe Vera Gel","	Dimethyl Sulfone	Sodium PCA	Avobenzone	Ferulic Acid	Disodium EDTA"
Large Pores,Oily,"	Sandalwood Powder	Rose Water	Curd	Turmeric	Rice Flour","	Disodium EDTA	Phenoxyethanol	Ethylhexylglycerin	Avobenzone	Sodium PCA"
Large Pores,Oily,"	Pumpkin Puree	Honey	Aloe Vera Gel	Yogurt	Oat Flour","	Ferulic Acid	BHA (Beta Hydroxy Acid)	Retinol	Glycerin	Resveratrol"
Large Pores,Oily,"	Multani Mitti	Rose Water	Honey	Turmeric	Yogurt","	Sodium PCA	Ferulic Acid	Cyclopentasiloxane	Dimethicone	Carbomer"
Large Pores,Oily,"	Pineapple Pulp	Milk	Rice Flour	Honey	Lemon Juice","	Niacinamide	Ceramides	Peptides	Titanium Dioxide	Citric Acid"
Rough Texture,Normal,"	Spinach Puree	Milk Cream	Honey	Cucumber Juice	Yogurt","	Squalane	Peptides	Glycerin	Zinc Oxide	Retinol"
Rough Texture,Normal,"	Neem Powder	Honey	Turmeric	Milk	Lemon Juice","	Allantoin	Cyclopentasiloxane	Carbomer	AHA (Alpha Hydroxy Acid)	Lactic Acid"
Rough Texture,Normal,"	Egg White	Honey	Lemon Juice	Oatmeal	Aloe Vera Gel","	Zinc Oxide	Allantoin	Citric Acid	Disodium EDTA	Triethanolamine"
Rough Texture,Normal,"	Kiwi Pulp	Yogurt	Rice Flour	Honey	Rose Water","	Squalane	Salicylic Acid	Dimethyl Sulfone	BHT (Butylated Hydroxytoluene)	Citric Acid"
Rough Texture,Normal,"	Apple Pulp	Milk	Honey	Oatmeal	Lemon Juice","	Propylene Glycol	Hyaluronic Acid	Hydroquinone	Urea	Dimethyl Sulfone"
Rough Texture,Normal,"	Gram Flour	Orange Juice	Turmeric	Yogurt	Honey","	Citric Acid	Allantoin	Carbomer	Triclosan	Octinoxate"
Rough Texture,Normal,"	Mango Pulp	Milk Cream	Honey	Rice Flour	Lemon Juice","	Titanium Dioxide	Ethylhexylglycerin	Ferulic Acid	Licorice Extract	Salicylic Acid"
Rough Texture,Sensitive,"	Pomegranate Juice	Honey	Aloe Vera Gel	Milk Cream	Oat Powder","	Citric Acid	Cyclopentasiloxane	Benzoic Acid	Tartaric Acid	Caffeine"
Rough Texture,Sensitive,"	Watermelon Pulp	Honey	Curd	Rice Flour	Lemon Juice","	Caprylic Acid	Alpha Arbutin	AHA (Alpha Hydroxy Acid)	Ceramides	Oxybenzone"
Rough Texture,Sensitive,"	Beetroot Juice	Gram Flour	Turmeric	Yogurt	Honey","	Carbomer	Salicylic Acid	Caffeine	Triethanolamine	BHT (Butylated Hydroxytoluene)"
Rough Texture,Sensitive,"	Rose Petal Powder	Yogurt	Honey	Lemon Juice	Aloe Vera","	Benzoic Acid	Salicylic Acid	Niacinamide	Sodium Hydroxide	Licorice Extract"
Rough Texture,Sensitive,"	Pear Pulp	Oat Flour	Milk	Honey	Rose Water","	Ceramides	AHA (Alpha Hydroxy Acid)	Azelaic Acid	Lactic Acid	Panthenol"
Rough Texture,Sensitive,"	Carrot Juice	Turmeric	Milk Cream	Honey	Oatmeal","	Citric Acid	Dimethicone	Zinc Oxide	AHA (Alpha Hydroxy Acid)	Cyclopentasiloxane"
Rough Texture,Sensitive,"	Papaya Pulp	Lemon Juice	Milk	Rice Flour	Honey","	Dimethyl Sulfone	Citric Acid	Ferulic Acid	Allantoin	Panthenol"
Rough Texture,Combinational,"	Tomato Juice	Honey	Multani Mitti	Rose Water	Curd","	Niacinamide	Propylene Glycol	Salicylic Acid	Triclosan	Carbomer"
Rough Texture,Combinational,"	Cucumber Juice	Honey	Aloe Vera	Turmeric	Mint Paste","	Lactic Acid	Hydroquinone	Titanium Dioxide	Sodium Hydroxide	Retinol"
Rough Texture,Combinational,"	Potato Paste	Curd	Honey	Milk Powder	Lemon Juice","	Disodium EDTA	Sodium Hydroxide	Glycolic Acid	Dimethyl Sulfone	Salicylic Acid"
Rough Texture,Combinational,"	Pumpkin Juice	Yogurt	Rice Flour	Honey	Rose Water","	Sodium PCA	Kojic Acid	Salicylic Acid	Oxybenzone	Peptides"
Rough Texture,Combinational,"	Coconut Milk	Turmeric	Honey	Rose Petal Powder	Curd","	Sodium PCA	Ceramides	Propylene Glycol	Benzoic Acid	Benzoyl Peroxide"
Rough Texture,Combinational,"	Papaya Juice	Multani Mitti	Milk	Turmeric	Honey","	BHT (Butylated Hydroxytoluene)	Zinc Oxide	AHA (Alpha Hydroxy Acid)	Squalane	Panthenol"
Rough Texture,Combinational,"	Honey	Turmeric	Milk	Rose Water	Lemon Juice","	Disodium EDTA	Tocopherol	Alpha Arbutin	Octinoxate	Triclosan"
Rough Texture,Dry,"	Aloe Vera Gel	Cucumber	Yogurt	Lemon Juice	Mint Leaves","	Glycerin	Benzoyl Peroxide	Disodium EDTA	Alpha Arbutin	Urea"
Rough Texture,Dry,"	Gram Flour	Turmeric	Curd	Honey	Rose Water","	Vitamin C	Triethanolamine	Salicylic Acid	Urea	BHT (Butylated Hydroxytoluene)"
Rough Texture,Dry,"	Papaya	Banana	Milk	Honey	Oatmeal","	Tartaric Acid	Citric Acid	Caffeine	Glycerin	Kojic Acid"
Rough Texture,Dry,"	Tomato Pulp	Yogurt	Lemon Juice	Honey	Rice Flour","	Retinol	Triethanolamine	Squalane	Avobenzone	Sodium PCA"
Rough Texture,Dry,"	Orange Peel Powder	Milk	Honey	Aloe Vera	Rose Water","	Vitamin C	Squalane	Disodium EDTA	Urea	Tartaric Acid"
Rough Texture,Dry,"	Coffee Powder	Coconut Oil	Sugar	Lemon Juice	Honey","	Octinoxate	Benzoyl Peroxide	BHT (Butylated Hydroxytoluene)	Glycolic Acid	Hydroquinone"
Rough Texture,Dry,"	Besan (Gram Flour)	Sandalwood Powder	Turmeric	Milk Cream	Lemon Juice","	Carbomer	Licorice Extract	Benzoic Acid	Tocopherol	Retinol"
Rough Texture,Oily,"	Green Tea	Aloe Vera	Honey	Curd	Cucumber Juice","	Gluconolactone	Sodium Hydroxide	Cyclopentasiloxane	Hyaluronic Acid	Allantoin"
Rough Texture,Oily,"	Almond Paste	Milk	Saffron	Honey	Oats Powder","	Ethylhexylglycerin	Vitamin C	Licorice Extract	Tocopherol	Avobenzone"
Rough Texture,Oily,"	Avocado Pulp	Milk Cream	Honey	Lemon Juice	Rose Water","	AHA (Alpha Hydroxy Acid)	Glycerin	Peptides	Licorice Extract	Azelaic Acid"
Rough Texture,Oily,"	Banana	Milk Powder	Oatmeal	Honey	Turmeric","	Caprylic Acid	Phenoxyethanol	Sodium Hydroxide	Ferulic Acid	Oxybenzone"
Rough Texture,Oily,"	Strawberry Pulp	Yogurt	Honey	Lemon Juice	Sugar","	Carbomer	Disodium EDTA	Propylene Glycol	AHA (Alpha Hydroxy Acid)	Licorice Extract"
Rough Texture,Oily,"	Potato Juice	Rice Flour	Turmeric	Aloe Vera	Milk","	Caprylic Acid	Triethanolamine	Ferulic Acid	Dimethicone	Sodium PCA"
Rough Texture,Oily,"	Cucumber Pulp	Mint Paste	Honey	Yogurt	Rose Water","	Niacinamide	Ferulic Acid	BHA (Beta Hydroxy Acid)	Sodium PCA	Dimethyl Sulfone"
Bumpy Skin,Normal,"	Carrot Paste	Yogurt	Honey	Turmeric	Aloe Vera Gel","	AHA (Alpha Hydroxy Acid)	BHT (Butylated Hydroxytoluene)	Oxybenzone	Benzoic Acid	Citric Acid"
Bumpy Skin,Normal,"	Sandalwood Powder	Rose Water	Curd	Turmeric	Rice Flour","	Cyclopentasiloxane	Salicylic Acid	Ethylhexylglycerin	Dimethicone	Azelaic Acid"
Bumpy Skin,Normal,"	Pumpkin Puree	Honey	Aloe Vera Gel	Yogurt	Oat Flour","	Ethylhexylglycerin	Zinc Oxide	Hydroquinone	Panthenol	Cyclopentasiloxane"
Bumpy Skin,Normal,"	Multani Mitti	Rose Water	Honey	Turmeric	Yogurt","	Ferulic Acid	Octinoxate	Squalane	Butylene Glycol	Hyaluronic Acid"
Bumpy Skin,Normal,"	Pineapple Pulp	Milk	Rice Flour	Honey	Lemon Juice","	Phenoxyethanol	Kojic Acid	Niacinamide	Sodium PCA	Caprylic Acid"
Bumpy Skin,Normal,"	Spinach Puree	Milk Cream	Honey	Cucumber Juice	Yogurt","	Allantoin	Ethylhexylglycerin	Butylene Glycol	Dimethyl Sulfone	Sodium PCA"
Bumpy Skin,Normal,"	Neem Powder	Honey	Turmeric	Milk	Lemon Juice","	Squalane	Propylene Glycol	Sodium Hydroxide	Glycerin	Ethylhexylglycerin"
Bumpy Skin,Sensitive,"	Egg White	Honey	Lemon Juice	Oatmeal	Aloe Vera Gel","	BHA (Beta Hydroxy Acid)	Salicylic Acid	Niacinamide	Resveratrol	Titanium Dioxide"
Bumpy Skin,Sensitive,"	Kiwi Pulp	Yogurt	Rice Flour	Honey	Rose Water","	Caffeine	Squalane	Sodium PCA	Urea	Benzoic Acid"
Bumpy Skin,Sensitive,"	Apple Pulp	Milk	Honey	Oatmeal	Lemon Juice","	Triethanolamine	Tocopherol	Propylene Glycol	Butylene Glycol	Phenoxyethanol"
Bumpy Skin,Sensitive,"	Gram Flour	Orange Juice	Turmeric	Yogurt	Honey","	Hydroquinone	Licorice Extract	Triclosan	Butylene Glycol	Cyclopentasiloxane"
Bumpy Skin,Sensitive,"	Mango Pulp	Milk Cream	Honey	Rice Flour	Lemon Juice","	Hydroquinone	Squalane	AHA (Alpha Hydroxy Acid)	Ferulic Acid	Urea"
Bumpy Skin,Sensitive,"	Pomegranate Juice	Honey	Aloe Vera Gel	Milk Cream	Oat Powder","	Panthenol	Titanium Dioxide	Benzoyl Peroxide	Caprylic Acid	Kojic Acid"
Bumpy Skin,Sensitive,"	Watermelon Pulp	Honey	Curd	Rice Flour	Lemon Juice","	Dimethicone	Benzoyl Peroxide	Triclosan	Carbomer	Dimethyl Sulfone"
Bumpy Skin,Combinational,"	Beetroot Juice	Gram Flour	Turmeric	Yogurt	Honey","	Squalane	Azelaic Acid	Kojic Acid	Zinc Oxide	Triclosan"
Bumpy Skin,Combinational,"	Rose Petal Powder	Yogurt	Honey	Lemon Juice	Aloe Vera","	Propylene Glycol	Ferulic Acid	Caprylic Acid	Triethanolamine	Dimethyl Sulfone"
Bumpy Skin,Combinational,"	Pear Pulp	Oat Flour	Milk	Honey	Rose Water","	Phenoxyethanol	Octinoxate	Resveratrol	Vitamin C	Kojic Acid"
Bumpy Skin,Combinational,"	Carrot Juice	Turmeric	Milk Cream	Honey	Oatmeal","	Resveratrol	Titanium Dioxide	Tocopherol	Azelaic Acid	Urea"
Bumpy Skin,Combinational,"	Papaya Pulp	Lemon Juice	Milk	Rice Flour	Honey","	Hyaluronic Acid	Glycerin	Carbomer	Ceramides	Ferulic Acid"
Bumpy Skin,Combinational,"	Tomato Juice	Honey	Multani Mitti	Rose Water	Curd","	Glycolic Acid	Lactic Acid	Butylene Glycol	Resveratrol	Squalane"
Bumpy Skin,Combinational,"	Cucumber Juice	Honey	Aloe Vera	Turmeric	Mint Paste","	Ceramides	Avobenzone	Dimethyl Sulfone	Ethylhexylglycerin	Vitamin C"
Bumpy Skin,Dry,"	Potato Paste	Curd	Honey	Milk Powder	Lemon Juice","	Hyaluronic Acid	BHT (Butylated Hydroxytoluene)	Resveratrol	Propylene Glycol	BHA (Beta Hydroxy Acid)"
Bumpy Skin,Dry,"	Pumpkin Juice	Yogurt	Rice Flour	Honey	Rose Water","	Cyclopentasiloxane	Azelaic Acid	Lactic Acid	Panthenol	Propylene Glycol"
Bumpy Skin,Dry,"	Coconut Milk	Turmeric	Honey	Rose Petal Powder	Curd","	Benzoyl Peroxide	Retinol	Caffeine	Ethylhexylglycerin	BHT (Butylated Hydroxytoluene)"
Bumpy Skin,Dry,"	Papaya Juice	Multani Mitti	Milk	Turmeric	Honey","	Avobenzone	Tartaric Acid	Lactic Acid	Peptides	BHT (Butylated Hydroxytoluene)"
Bumpy Skin,Dry,"	Honey	Turmeric	Milk	Rose Water	Lemon Juice","	Urea	Niacinamide	Sodium PCA	Benzoyl Peroxide	Butylene Glycol"
Bumpy Skin,Dry,"	Aloe Vera Gel	Cucumber	Yogurt	Lemon Juice	Mint Leaves","	Dimethyl Sulfone	Allantoin	Octinoxate	Oxybenzone	Titanium Dioxide"
Bumpy Skin,Dry,"	Gram Flour	Turmeric	Curd	Honey	Rose Water","	Disodium EDTA	Phenoxyethanol	Citric Acid	BHA (Beta Hydroxy Acid)	Urea"
Bumpy Skin,Oily,"	Papaya	Banana	Milk	Honey	Oatmeal","	Triethanolamine	Licorice Extract	Urea	BHT (Butylated Hydroxytoluene)	Oxybenzone"
Bumpy Skin,Oily,"	Tomato Pulp	Yogurt	Lemon Juice	Honey	Rice Flour","	Lactic Acid	Oxybenzone	Triclosan	Vitamin C	Dimethyl Sulfone"
Bumpy Skin,Oily,"	Orange Peel Powder	Milk	Honey	Aloe Vera	Rose Water","	Zinc Oxide	Avobenzone	Panthenol	Benzoic Acid	Niacinamide"
Bumpy Skin,Oily,"	Coffee Powder	Coconut Oil	Sugar	Lemon Juice	Honey","	Alpha Arbutin	Sodium PCA	Azelaic Acid	Butylene Glycol	Retinol"
Bumpy Skin,Oily,"	Besan (Gram Flour)	Sandalwood Powder	Turmeric	Milk Cream	Lemon Juice","	Alpha Arbutin	Hyaluronic Acid	Allantoin	BHA (Beta Hydroxy Acid)	Squalane"
Bumpy Skin,Oily,"	Green Tea	Aloe Vera	Honey	Curd	Cucumber Juice","	Octinoxate	Propylene Glycol	Resveratrol	Glycolic Acid	Titanium Dioxide"
Bumpy Skin,Oily,"	Almond Paste	Milk	Saffron	Honey	Oats Powder","	Resveratrol	Glycerin	Squalane	AHA (Alpha Hydroxy Acid)	Retinol"
Dullness,Normal,"	Avocado Pulp	Milk Cream	Honey	Lemon Juice	Rose Water","	Tartaric Acid	Titanium Dioxide	Panthenol	Avobenzone	Triethanolamine"
Dullness,Normal,"	Banana	Milk Powder	Oatmeal	Honey	Turmeric","	Benzoic Acid	Kojic Acid	Licorice Extract	Benzoyl Peroxide	Carbomer"
Dullness,Normal,"	Strawberry Pulp	Yogurt	Honey	Lemon Juice	Sugar","	Titanium Dioxide	Sodium Hydroxide	Peptides	Ferulic Acid	Retinol"
Dullness,Normal,"	Potato Juice	Rice Flour	Turmeric	Aloe Vera	Milk","	Lactic Acid	Alpha Arbutin	Urea	Octinoxate	Triclosan"
Dullness,Normal,"	Cucumber Pulp	Mint Paste	Honey	Yogurt	Rose Water","	BHT (Butylated Hydroxytoluene)	Resveratrol	BHA (Beta Hydroxy Acid)	Benzoyl Peroxide	AHA (Alpha Hydroxy Acid)"
Dullness,Normal,"	Carrot Paste	Yogurt	Honey	Turmeric	Aloe Vera Gel","	Squalane	Urea	Caffeine	Ferulic Acid	Gluconolactone"
Dullness,Normal,"	Sandalwood Powder	Rose Water	Curd	Turmeric	Rice Flour","	Carbomer	Ethylhexylglycerin	BHA (Beta Hydroxy Acid)	Niacinamide	Octinoxate"
Dullness,Sensitive,"	Pumpkin Puree	Honey	Aloe Vera Gel	Yogurt	Oat Flour","	Glycolic Acid	Licorice Extract	Triclosan	Dimethicone	Octinoxate"
Dullness,Sensitive,"	Multani Mitti	Rose Water	Honey	Turmeric	Yogurt","	Panthenol	Salicylic Acid	Niacinamide	Titanium Dioxide	Tartaric Acid"
Dullness,Sensitive,"	Pineapple Pulp	Milk	Rice Flour	Honey	Lemon Juice","	BHT (Butylated Hydroxytoluene)	Triethanolamine	Salicylic Acid	Dimethyl Sulfone	Tartaric Acid"
Dullness,Sensitive,"	Spinach Puree	Milk Cream	Honey	Cucumber Juice	Yogurt","	Ferulic Acid	BHT (Butylated Hydroxytoluene)	Glycolic Acid	Dimethyl Sulfone	Azelaic Acid"
Dullness,Sensitive,"	Neem Powder	Honey	Turmeric	Milk	Lemon Juice","	Propylene Glycol	Phenoxyethanol	Sodium Hydroxide	BHA (Beta Hydroxy Acid)	Ferulic Acid"
Dullness,Sensitive,"	Egg White	Honey	Lemon Juice	Oatmeal	Aloe Vera Gel","	Azelaic Acid	Triethanolamine	Licorice Extract	Avobenzone	Ethylhexylglycerin"
Dullness,Sensitive,"	Kiwi Pulp	Yogurt	Rice Flour	Honey	Rose Water","	Niacinamide	Propylene Glycol	Hydroquinone	Allantoin	Cyclopentasiloxane"
Dullness,Combinational,"	Apple Pulp	Milk	Honey	Oatmeal	Lemon Juice","	Dimethicone	Benzoic Acid	Vitamin C	Alpha Arbutin	Cyclopentasiloxane"
Dullness,Combinational,"	Gram Flour	Orange Juice	Turmeric	Yogurt	Honey","	Allantoin	Squalane	Ethylhexylglycerin	Resveratrol	Benzoic Acid"
Dullness,Combinational,"	Mango Pulp	Milk Cream	Honey	Rice Flour	Lemon Juice","	Caffeine	Dimethyl Sulfone	Butylene Glycol	Glycolic Acid	AHA (Alpha Hydroxy Acid)"
Dullness,Combinational,"	Pomegranate Juice	Honey	Aloe Vera Gel	Milk Cream	Oat Powder","	Niacinamide	Dimethicone	Panthenol	Benzoyl Peroxide	Disodium EDTA"
Dullness,Combinational,"	Watermelon Pulp	Honey	Curd	Rice Flour	Lemon Juice","	Caffeine	Gluconolactone	Hyaluronic Acid	Benzoic Acid	Carbomer"
Dullness,Combinational,"	Beetroot Juice	Gram Flour	Turmeric	Yogurt	Honey","	AHA (Alpha Hydroxy Acid)	Allantoin	Lactic Acid	Kojic Acid	Phenoxyethanol"
Dullness,Combinational,"	Rose Petal Powder	Yogurt	Honey	Lemon Juice	Aloe Vera","	Tocopherol	Oxybenzone	Dimethyl Sulfone	Ethylhexylglycerin	Avobenzone"
Dullness,Dry,"	Pear Pulp	Oat Flour	Milk	Honey	Rose Water","	BHA (Beta Hydroxy Acid)	Dimethyl Sulfone	Lactic Acid	Zinc Oxide	Ferulic Acid"
Dullness,Dry,"	Carrot Juice	Turmeric	Milk Cream	Honey	Oatmeal","	Butylene Glycol	Ceramides	Resveratrol	BHA (Beta Hydroxy Acid)	Squalane"
Dullness,Dry,"	Papaya Pulp	Lemon Juice	Milk	Rice Flour	Honey","	Ethylhexylglycerin	Benzoyl Peroxide	Salicylic Acid	Avobenzone	Octinoxate"
Dullness,Dry,"	Tomato Juice	Honey	Multani Mitti	Rose Water	Curd","	Sodium PCA	Glycerin	Alpha Arbutin	Urea	Butylene Glycol"
Dullness,Dry,"	Cucumber Juice	Honey	Aloe Vera	Turmeric	Mint Paste","	Hyaluronic Acid	Butylene Glycol	Allantoin	Niacinamide	Titanium Dioxide"
Dullness,Dry,"	Potato Paste	Curd	Honey	Milk Powder	Lemon Juice","	Benzoyl Peroxide	AHA (Alpha Hydroxy Acid)	Sodium Hydroxide	Peptides	Ethylhexylglycerin"
Dullness,Dry,"	Pumpkin Juice	Yogurt	Rice Flour	Honey	Rose Water","	Glycerin	Resveratrol	Gluconolactone	Ferulic Acid	Allantoin"
Dullness,Oily,"	Coconut Milk	Turmeric	Honey	Rose Petal Powder	Curd","	Propylene Glycol	Sodium PCA	AHA (Alpha Hydroxy Acid)	Butylene Glycol	Peptides"
Dullness,Oily,"	Papaya Juice	Multani Mitti	Milk	Turmeric	Honey","	Citric Acid	Kojic Acid	Octinoxate	Gluconolactone	Triclosan"
Dullness,Oily,"	Honey	Turmeric	Milk	Rose Water	Lemon Juice","	Ceramides	Retinol	Ferulic Acid	Disodium EDTA	Allantoin"
Dullness,Oily,"	Aloe Vera Gel	Cucumber	Yogurt	Lemon Juice	Mint Leaves","	Cyclopentasiloxane	Gluconolactone	Ferulic Acid	Hyaluronic Acid	Resveratrol"
Dullness,Oily,"	Gram Flour	Turmeric	Curd	Honey	Rose Water","	Caprylic Acid	Urea	Triethanolamine	Benzoic Acid	Ethylhexylglycerin"
Dullness,Oily,"	Papaya	Banana	Milk	Honey	Oatmeal","	Peptides	BHA (Beta Hydroxy Acid)	Carbomer	Propylene Glycol	Hydroquinone"
Dullness,Oily,"	Tomato Pulp	Yogurt	Lemon Juice	Honey	Rice Flour","	Cyclopentasiloxane	Butylene Glycol	Dimethyl Sulfone	Carbomer	Citric Acid"
Tired-Looking Skin,Normal,"	Orange Peel Powder	Milk	Honey	Aloe Vera	Rose Water","	AHA (Alpha Hydroxy Acid)	Dimethicone	Kojic Acid	Squalane	Sodium PCA"
Tired-Looking Skin,Normal,"	Coffee Powder	Coconut Oil	Sugar	Lemon Juice	Honey","	BHT (Butylated Hydroxytoluene)	Citric Acid	Titanium Dioxide	Disodium EDTA	Allantoin"
Tired-Looking Skin,Normal,"	Besan (Gram Flour)	Sandalwood Powder	Turmeric	Milk Cream	Lemon Juice","	Glycolic Acid	Dimethicone	Triclosan	Propylene Glycol	Glycerin"
Tired-Looking Skin,Normal,"	Green Tea	Aloe Vera	Honey	Curd	Cucumber Juice","	Citric Acid	Benzoic Acid	Sodium Hydroxide	Peptides	Ethylhexylglycerin"
Tired-Looking Skin,Normal,"	Almond Paste	Milk	Saffron	Honey	Oats Powder","	Glycolic Acid	Ceramides	Gluconolactone	Triethanolamine	Cyclopentasiloxane"
Tired-Looking Skin,Normal,"	Avocado Pulp	Milk Cream	Honey	Lemon Juice	Rose Water","	Vitamin C	BHA (Beta Hydroxy Acid)	Phenoxyethanol	AHA (Alpha Hydroxy Acid)	Hyaluronic Acid"
Tired-Looking Skin,Normal,"	Banana	Milk Powder	Oatmeal	Honey	Turmeric","	Caprylic Acid	Peptides	Allantoin	Sodium Hydroxide	Retinol"
Tired-Looking Skin,Sensitive,"	Strawberry Pulp	Yogurt	Honey	Lemon Juice	Sugar","	Propylene Glycol	Panthenol	Cyclopentasiloxane	Oxybenzone	Squalane"
Tired-Looking Skin,Sensitive,"	Potato Juice	Rice Flour	Turmeric	Aloe Vera	Milk","	Caffeine	Sodium Hydroxide	Niacinamide	Cyclopentasiloxane	Tartaric Acid"
Tired-Looking Skin,Sensitive,"	Cucumber Pulp	Mint Paste	Honey	Yogurt	Rose Water","	Carbomer	Citric Acid	Dimethicone	Avobenzone	Glycerin"
Tired-Looking Skin,Sensitive,"	Carrot Paste	Yogurt	Honey	Turmeric	Aloe Vera Gel","	Dimethyl Sulfone	Ethylhexylglycerin	Carbomer	Glycolic Acid	Oxybenzone"
Tired-Looking Skin,Sensitive,"	Sandalwood Powder	Rose Water	Curd	Turmeric	Rice Flour","	Retinol	Sodium PCA	Avobenzone	Tartaric Acid	Resveratrol"
Tired-Looking Skin,Sensitive,"	Pumpkin Puree	Honey	Aloe Vera Gel	Yogurt	Oat Flour","	Titanium Dioxide	Triclosan	Niacinamide	Licorice Extract	Vitamin C"
Tired-Looking Skin,Sensitive,"	Multani Mitti	Rose Water	Honey	Turmeric	Yogurt","	Dimethyl Sulfone	Avobenzone	Glycerin	Vitamin C	BHA (Beta Hydroxy Acid)"
Tired-Looking Skin,Combinational,"	Pineapple Pulp	Milk	Rice Flour	Honey	Lemon Juice","	Alpha Arbutin	Squalane	Urea	Salicylic Acid	Glycolic Acid"
Tired-Looking Skin,Combinational,"	Spinach Puree	Milk Cream	Honey	Cucumber Juice	Yogurt","	Dimethicone	Lactic Acid	Resveratrol	Hydroquinone	Tocopherol"
Tired-Looking Skin,Combinational,"	Neem Powder	Honey	Turmeric	Milk	Lemon Juice","	Licorice Extract	Peptides	Sodium PCA	Phenoxyethanol	Allantoin"
Tired-Looking Skin,Combinational,"	Egg White	Honey	Lemon Juice	Oatmeal	Aloe Vera Gel","	BHT (Butylated Hydroxytoluene)	Tartaric Acid	Azelaic Acid	Alpha Arbutin	Niacinamide"
Tired-Looking Skin,Combinational,"	Kiwi Pulp	Yogurt	Rice Flour	Honey	Rose Water","	Oxybenzone	Citric Acid	Tartaric Acid	Sodium PCA	Ethylhexylglycerin"
Tired-Looking Skin,Combinational,"	Apple Pulp	Milk	Honey	Oatmeal	Lemon Juice","	Triethanolamine	Peptides	Titanium Dioxide	AHA (Alpha Hydroxy Acid)	Avobenzone"
Tired-Looking Skin,Combinational,"	Gram Flour	Orange Juice	Turmeric	Yogurt	Honey","	Panthenol	AHA (Alpha Hydroxy Acid)	Benzoic Acid	Hyaluronic Acid	Resveratrol"
Tired-Looking Skin,Dry,"	Mango Pulp	Milk Cream	Honey	Rice Flour	Lemon Juice","	Tartaric Acid	Carbomer	Alpha Arbutin	Retinol	BHA (Beta Hydroxy Acid)"
Tired-Looking Skin,Dry,"	Pomegranate Juice	Honey	Aloe Vera Gel	Milk Cream	Oat Powder","	Hydroquinone	Triethanolamine	Urea	Avobenzone	Licorice Extract"
Tired-Looking Skin,Dry,"	Watermelon Pulp	Honey	Curd	Rice Flour	Lemon Juice","	Squalane	Panthenol	AHA (Alpha Hydroxy Acid)	Urea	Kojic Acid"
Tired-Looking Skin,Dry,"	Beetroot Juice	Gram Flour	Turmeric	Yogurt	Honey","	Citric Acid	Propylene Glycol	Vitamin C	Sodium PCA	BHT (Butylated Hydroxytoluene)"
Tired-Looking Skin,Dry,"	Rose Petal Powder	Yogurt	Honey	Lemon Juice	Aloe Vera","	Hydroquinone	BHT (Butylated Hydroxytoluene)	Resveratrol	Squalane	Salicylic Acid"
Tired-Looking Skin,Dry,"	Pear Pulp	Oat Flour	Milk	Honey	Rose Water","	Benzoic Acid	Caffeine	Ferulic Acid	Hyaluronic Acid	BHT (Butylated Hydroxytoluene)"
Tired-Looking Skin,Dry,"	Carrot Juice	Turmeric	Milk Cream	Honey	Oatmeal","	Tartaric Acid	Disodium EDTA	Triclosan	Lactic Acid	Octinoxate"
Tired-Looking Skin,Oily,"	Papaya Pulp	Lemon Juice	Milk	Rice Flour	Honey","	Triclosan	Ethylhexylglycerin	Resveratrol	Disodium EDTA	Titanium Dioxide"
Tired-Looking Skin,Oily,"	Tomato Juice	Honey	Multani Mitti	Rose Water	Curd","	Octinoxate	Hydroquinone	Titanium Dioxide	Avobenzone	Kojic Acid"
Tired-Looking Skin,Oily,"	Cucumber Juice	Honey	Aloe Vera	Turmeric	Mint Paste","	Oxybenzone	Panthenol	Tartaric Acid	Dimethyl Sulfone	Caprylic Acid"
Tired-Looking Skin,Oily,"	Potato Paste	Curd	Honey	Milk Powder	Lemon Juice","	Disodium EDTA	Benzoic Acid	Tartaric Acid	Ceramides	Avobenzone"
Tired-Looking Skin,Oily,"	Pumpkin Juice	Yogurt	Rice Flour	Honey	Rose Water","	Vitamin C	Avobenzone	Sodium Hydroxide	Glycolic Acid	Urea"
Tired-Looking Skin,Oily,"	Coconut Milk	Turmeric	Honey	Rose Petal Powder	Curd","	BHA (Beta Hydroxy Acid)	Glycolic Acid	Triethanolamine	Tocopherol	Caprylic Acid"
Tired-Looking Skin,Oily,"	Papaya Juice	Multani Mitti	Milk	Turmeric	Honey","	Ceramides	Niacinamide	Resveratrol	Dimethicone	Triclosan"
Dark Circles,Normal,"	Honey	Turmeric	Milk	Rose Water	Lemon Juice","	Allantoin	Azelaic Acid	Kojic Acid	Ceramides	Carbomer"
Dark Circles,Normal,"	Aloe Vera Gel	Cucumber	Yogurt	Lemon Juice	Mint Leaves","	Tocopherol	Phenoxyethanol	Gluconolactone	Ferulic Acid	Alpha Arbutin"
Dark Circles,Normal,"	Gram Flour	Turmeric	Curd	Honey	Rose Water","	Panthenol	Propylene Glycol	Resveratrol	Triclosan	Cyclopentasiloxane"
Dark Circles,Normal,"	Papaya	Banana	Milk	Honey	Oatmeal","	Benzoyl Peroxide	AHA (Alpha Hydroxy Acid)	Retinol	Peptides	Dimethyl Sulfone"
Dark Circles,Normal,"	Tomato Pulp	Yogurt	Lemon Juice	Honey	Rice Flour","	Titanium Dioxide	Tartaric Acid	Caprylic Acid	Caffeine	Butylene Glycol"
Dark Circles,Normal,"	Orange Peel Powder	Milk	Honey	Aloe Vera	Rose Water","	Tocopherol	Niacinamide	Caffeine	Hyaluronic Acid	Panthenol"
Dark Circles,Normal,"	Coffee Powder	Coconut Oil	Sugar	Lemon Juice	Honey","	Carbomer	Benzoyl Peroxide	AHA (Alpha Hydroxy Acid)	Tocopherol	Tartaric Acid"
Dark Circles,Sensitive,"	Besan (Gram Flour)	Sandalwood Powder	Turmeric	Milk Cream	Lemon Juice","	Triclosan	Tartaric Acid	Panthenol	Triethanolamine	Citric Acid"
Dark Circles,Sensitive,"	Green Tea	Aloe Vera	Honey	Curd	Cucumber Juice","	Avobenzone	Tocopherol	Vitamin C	Tartaric Acid	Titanium Dioxide"
Dark Circles,Sensitive,"	Almond Paste	Milk	Saffron	Honey	Oats Powder","	Propylene Glycol	Salicylic Acid	Oxybenzone	Butylene Glycol	Dimethicone"
Dark Circles,Sensitive,"	Avocado Pulp	Milk Cream	Honey	Lemon Juice	Rose Water","	Oxybenzone	Titanium Dioxide	Sodium Hydroxide	Retinol	Avobenzone"
Dark Circles,Sensitive,"	Banana	Milk Powder	Oatmeal	Honey	Turmeric","	AHA (Alpha Hydroxy Acid)	Squalane	Urea	Sodium Hydroxide	Allantoin"
Dark Circles,Sensitive,"	Strawberry Pulp	Yogurt	Honey	Lemon Juice	Sugar","	Benzoyl Peroxide	Ceramides	Glycolic Acid	Urea	Ethylhexylglycerin"
Dark Circles,Sensitive,"	Potato Juice	Rice Flour	Turmeric	Aloe Vera	Milk","	Benzoyl Peroxide	Vitamin C	Sodium PCA	Carbomer	Ceramides"
Dark Circles,Combinational,"	Cucumber Pulp	Mint Paste	Honey	Yogurt	Rose Water","	Citric Acid	AHA (Alpha Hydroxy Acid)	Tocopherol	Benzoic Acid	Triclosan"
Dark Circles,Combinational,"	Carrot Paste	Yogurt	Honey	Turmeric	Aloe Vera Gel","	Squalane	Carbomer	Allantoin	Triethanolamine	Triclosan"
Dark Circles,Combinational,"	Sandalwood Powder	Rose Water	Curd	Turmeric	Rice Flour","	Caprylic Acid	Peptides	Allantoin	Sodium Hydroxide	Vitamin C"
Dark Circles,Combinational,"	Pumpkin Puree	Honey	Aloe Vera Gel	Yogurt	Oat Flour","	Ethylhexylglycerin	Oxybenzone	Allantoin	Ferulic Acid	Glycolic Acid"
Dark Circles,Combinational,"	Multani Mitti	Rose Water	Honey	Turmeric	Yogurt","	Squalane	Tocopherol	Zinc Oxide	BHA (Beta Hydroxy Acid)	Sodium PCA"
Dark Circles,Combinational,"	Pineapple Pulp	Milk	Rice Flour	Honey	Lemon Juice","	Tocopherol	Vitamin C	Tartaric Acid	Carbomer	Sodium Hydroxide"
Dark Circles,Combinational,"	Spinach Puree	Milk Cream	Honey	Cucumber Juice	Yogurt","	Hydroquinone	Lactic Acid	Caffeine	Ferulic Acid	Kojic Acid"
Dark Circles,Dry,"	Neem Powder	Honey	Turmeric	Milk	Lemon Juice","	Benzoyl Peroxide	AHA (Alpha Hydroxy Acid)	Niacinamide	Benzoic Acid	Zinc Oxide"
Dark Circles,Dry,"	Egg White	Honey	Lemon Juice	Oatmeal	Aloe Vera Gel","	Sodium Hydroxide	Avobenzone	Octinoxate	Salicylic Acid	Lactic Acid"
Dark Circles,Dry,"	Kiwi Pulp	Yogurt	Rice Flour	Honey	Rose Water","	Cyclopentasiloxane	Sodium PCA	Ceramides	BHT (Butylated Hydroxytoluene)	Zinc Oxide"
Dark Circles,Dry,"	Apple Pulp	Milk	Honey	Oatmeal	Lemon Juice","	Retinol	Dimethyl Sulfone	Butylene Glycol	Zinc Oxide	Triethanolamine"
Dark Circles,Dry,"	Gram Flour	Orange Juice	Turmeric	Yogurt	Honey","	Zinc Oxide	Titanium Dioxide	Cyclopentasiloxane	Disodium EDTA	Peptides"
Dark Circles,Dry,"	Mango Pulp	Milk Cream	Honey	Rice Flour	Lemon Juice","	Octinoxate	Hyaluronic Acid	Ferulic Acid	Peptides	Ceramides"
Dark Circles,Dry,"	Pomegranate Juice	Honey	Aloe Vera Gel	Milk Cream	Oat Powder","	Carbomer	Panthenol	Azelaic Acid	Benzoyl Peroxide	Benzoic Acid"
Dark Circles,Oily,"	Watermelon Pulp	Honey	Curd	Rice Flour	Lemon Juice","	Salicylic Acid	Ceramides	Hyaluronic Acid	Hydroquinone	Sodium PCA"
Dark Circles,Oily,"	Beetroot Juice	Gram Flour	Turmeric	Yogurt	Honey","	Triethanolamine	Dimethicone	Salicylic Acid	Azelaic Acid	Panthenol"
Dark Circles,Oily,"	Rose Petal Powder	Yogurt	Honey	Lemon Juice	Aloe Vera","	Lactic Acid	Ceramides	Triclosan	Allantoin	Phenoxyethanol"
Dark Circles,Oily,"	Pear Pulp	Oat Flour	Milk	Honey	Rose Water","	Benzoyl Peroxide	Triclosan	Retinol	Propylene Glycol	BHA (Beta Hydroxy Acid)"
Dark Circles,Oily,"	Carrot Juice	Turmeric	Milk Cream	Honey	Oatmeal","	Disodium EDTA	Tocopherol	Gluconolactone	Triethanolamine	Vitamin C"
Dark Circles,Oily,"	Papaya Pulp	Lemon Juice	Milk	Rice Flour	Honey","	BHA (Beta Hydroxy Acid)	Gluconolactone	Titanium Dioxide	Oxybenzone	Glycolic Acid"
Dark Circles,Oily,"	Tomato Juice	Honey	Multani Mitti	Rose Water	Curd","	Caprylic Acid	Benzoic Acid	Phenoxyethanol	Urea	AHA (Alpha Hydroxy Acid)"
Eye Bags,Normal,"	Cucumber Juice	Honey	Aloe Vera	Turmeric	Mint Paste","	Sodium Hydroxide	Salicylic Acid	Lactic Acid	Propylene Glycol	Caffeine"
Eye Bags,Normal,"	Potato Paste	Curd	Honey	Milk Powder	Lemon Juice","	Licorice Extract	Tartaric Acid	Vitamin C	Ethylhexylglycerin	Glycerin"
Eye Bags,Normal,"	Pumpkin Juice	Yogurt	Rice Flour	Honey	Rose Water","	BHA (Beta Hydroxy Acid)	Retinol	Niacinamide	Dimethicone	Octinoxate"
Eye Bags,Normal,"	Coconut Milk	Turmeric	Honey	Rose Petal Powder	Curd","	Peptides	Retinol	Ceramides	Ferulic Acid	Oxybenzone"
Eye Bags,Normal,"	Papaya Juice	Multani Mitti	Milk	Turmeric	Honey","	Avobenzone	Triethanolamine	Butylene Glycol	Glycerin	Dimethicone"
Eye Bags,Normal,"	Honey	Turmeric	Milk	Rose Water	Lemon Juice","	Citric Acid	Octinoxate	Phenoxyethanol	Resveratrol	AHA (Alpha Hydroxy Acid)"
Eye Bags,Normal,"	Aloe Vera Gel	Cucumber	Yogurt	Lemon Juice	Mint Leaves","	Gluconolactone	Octinoxate	Licorice Extract	Vitamin C	Squalane"
Eye Bags,Sensitive,"	Gram Flour	Turmeric	Curd	Honey	Rose Water","	Benzoyl Peroxide	Sodium Hydroxide	Disodium EDTA	Butylene Glycol	Caprylic Acid"
Eye Bags,Sensitive,"	Papaya	Banana	Milk	Honey	Oatmeal","	Zinc Oxide	Licorice Extract	BHA (Beta Hydroxy Acid)	Titanium Dioxide	Allantoin"
Eye Bags,Sensitive,"	Tomato Pulp	Yogurt	Lemon Juice	Honey	Rice Flour","	Cyclopentasiloxane	AHA (Alpha Hydroxy Acid)	Caffeine	Allantoin	Caprylic Acid"
Eye Bags,Sensitive,"	Orange Peel Powder	Milk	Honey	Aloe Vera	Rose Water","	Vitamin C	Dimethicone	Licorice Extract	Benzoic Acid	Panthenol"
Eye Bags,Sensitive,"	Coffee Powder	Coconut Oil	Sugar	Lemon Juice	Honey","	Tocopherol	Peptides	Tartaric Acid	Propylene Glycol	Retinol"
Eye Bags,Sensitive,"	Besan (Gram Flour)	Sandalwood Powder	Turmeric	Milk Cream	Lemon Juice","	Niacinamide	Licorice Extract	Vitamin C	Triclosan	Tocopherol"
Eye Bags,Sensitive,"	Green Tea	Aloe Vera	Honey	Curd	Cucumber Juice","	Ceramides	Butylene Glycol	Lactic Acid	Triethanolamine	Cyclopentasiloxane"
Eye Bags,Combinational,"	Almond Paste	Milk	Saffron	Honey	Oats Powder","	Benzoic Acid	Benzoyl Peroxide	Allantoin	Hydroquinone	Dimethyl Sulfone"
Eye Bags,Combinational,"	Avocado Pulp	Milk Cream	Honey	Lemon Juice	Rose Water","	Licorice Extract	Caprylic Acid	Lactic Acid	Resveratrol	Octinoxate"
Eye Bags,Combinational,"	Banana	Milk Powder	Oatmeal	Honey	Turmeric","	Urea	Hydroquinone	Vitamin C	BHT (Butylated Hydroxytoluene)	Gluconolactone"
Eye Bags,Combinational,"	Strawberry Pulp	Yogurt	Honey	Lemon Juice	Sugar","	Zinc Oxide	Peptides	Benzoic Acid	Propylene Glycol	Titanium Dioxide"
Eye Bags,Combinational,"	Potato Juice	Rice Flour	Turmeric	Aloe Vera	Milk","	Vitamin C	Hydroquinone	Butylene Glycol	Tocopherol	Benzoyl Peroxide"
Eye Bags,Combinational,"	Cucumber Pulp	Mint Paste	Honey	Yogurt	Rose Water","	Dimethyl Sulfone	Ferulic Acid	BHT (Butylated Hydroxytoluene)	Titanium Dioxide	Licorice Extract"
Eye Bags,Combinational,"	Carrot Paste	Yogurt	Honey	Turmeric	Aloe Vera Gel","	Butylene Glycol	Disodium EDTA	Oxybenzone	Tartaric Acid	Sodium Hydroxide"
Eye Bags,Dry,"	Sandalwood Powder	Rose Water	Curd	Turmeric	Rice Flour","	Butylene Glycol	Salicylic Acid	Octinoxate	Benzoic Acid	Squalane"
Eye Bags,Dry,"	Pumpkin Puree	Honey	Aloe Vera Gel	Yogurt	Oat Flour","	Ferulic Acid	Salicylic Acid	Azelaic Acid	Squalane	Dimethyl Sulfone"
Eye Bags,Dry,"	Multani Mitti	Rose Water	Honey	Turmeric	Yogurt","	Urea	Cyclopentasiloxane	Hydroquinone	Hyaluronic Acid	Azelaic Acid"
Eye Bags,Dry,"	Pineapple Pulp	Milk	Rice Flour	Honey	Lemon Juice","	Peptides	BHT (Butylated Hydroxytoluene)	Benzoic Acid	Caffeine	Retinol"
Eye Bags,Dry,"	Spinach Puree	Milk Cream	Honey	Cucumber Juice	Yogurt","	Peptides	Triclosan	Avobenzone	Salicylic Acid	Niacinamide"
Eye Bags,Dry,"	Neem Powder	Honey	Turmeric	Milk	Lemon Juice","	Triclosan	Phenoxyethanol	Zinc Oxide	Citric Acid	Allantoin"
Eye Bags,Dry,"	Egg White	Honey	Lemon Juice	Oatmeal	Aloe Vera Gel","	AHA (Alpha Hydroxy Acid)	Cyclopentasiloxane	Alpha Arbutin	Tocopherol	Urea"
Eye Bags,Oily,"	Kiwi Pulp	Yogurt	Rice Flour	Honey	Rose Water","	Caprylic Acid	Dimethicone	Disodium EDTA	BHT (Butylated Hydroxytoluene)	Octinoxate"
Eye Bags,Oily,"	Apple Pulp	Milk	Honey	Oatmeal	Lemon Juice","	Niacinamide	Lactic Acid	Peptides	Alpha Arbutin	Dimethyl Sulfone"
Eye Bags,Oily,"	Gram Flour	Orange Juice	Turmeric	Yogurt	Honey","	Oxybenzone	Lactic Acid	Tartaric Acid	Niacinamide	Ferulic Acid"
Eye Bags,Oily,"	Mango Pulp	Milk Cream	Honey	Rice Flour	Lemon Juice","	BHA (Beta Hydroxy Acid)	Benzoic Acid	Licorice Extract	Ethylhexylglycerin	Octinoxate"
Eye Bags,Oily,"	Pomegranate Juice	Honey	Aloe Vera Gel	Milk Cream	Oat Powder","	BHA (Beta Hydroxy Acid)	Allantoin	Ferulic Acid	Zinc Oxide	Dimethyl Sulfone"
Eye Bags,Oily,"	Watermelon Pulp	Honey	Curd	Rice Flour	Lemon Juice","	Gluconolactone	Benzoyl Peroxide	Hydroquinone	Licorice Extract	Resveratrol"
Eye Bags,Oily,"	Beetroot Juice	Gram Flour	Turmeric	Yogurt	Honey","	Tartaric Acid	Triethanolamine	Ethylhexylglycerin	Phenoxyethanol	Benzoic Acid"
Fine Lines Around Eyes,Normal,"	Rose Petal Powder	Yogurt	Honey	Lemon Juice	Aloe Vera","	Urea	Glycolic Acid	Titanium Dioxide	Caffeine	Octinoxate"
Fine Lines Around Eyes,Normal,"	Pear Pulp	Oat Flour	Milk	Honey	Rose Water","	Lactic Acid	Hyaluronic Acid	Zinc Oxide	Urea	Disodium EDTA"
Fine Lines Around Eyes,Normal,"	Carrot Juice	Turmeric	Milk Cream	Honey	Oatmeal","	Ceramides	Dimethyl Sulfone	Panthenol	Resveratrol	Dimethicone"
Fine Lines Around Eyes,Normal,"	Papaya Pulp	Lemon Juice	Milk	Rice Flour	Honey","	Benzoyl Peroxide	Hyaluronic Acid	Ethylhexylglycerin	Triclosan	Licorice Extract"
Fine Lines Around Eyes,Normal,"	Tomato Juice	Honey	Multani Mitti	Rose Water	Curd","	Azelaic Acid	Ceramides	Citric Acid	Carbomer	Glycerin"
Fine Lines Around Eyes,Normal,"	Cucumber Juice	Honey	Aloe Vera	Turmeric	Mint Paste","	Titanium Dioxide	Gluconolactone	Butylene Glycol	Benzoic Acid	Hydroquinone"
Fine Lines Around Eyes,Normal,"	Potato Paste	Curd	Honey	Milk Powder	Lemon Juice","	Retinol	Caffeine	Triclosan	Glycolic Acid	Licorice Extract"
Fine Lines Around Eyes,Sensitive,"	Pumpkin Juice	Yogurt	Rice Flour	Honey	Rose Water","	Salicylic Acid	AHA (Alpha Hydroxy Acid)	Retinol	Dimethicone	BHT (Butylated Hydroxytoluene)"
Fine Lines Around Eyes,Sensitive,"	Coconut Milk	Turmeric	Honey	Rose Petal Powder	Curd","	Licorice Extract	BHT (Butylated Hydroxytoluene)	Caffeine	Glycerin	Avobenzone"
Fine Lines Around Eyes,Sensitive,"	Papaya Juice	Multani Mitti	Milk	Turmeric	Honey","	Allantoin	Resveratrol	Benzoyl Peroxide	Caffeine	Salicylic Acid"
Fine Lines Around Eyes,Sensitive,"	Honey	Turmeric	Milk	Rose Water	Lemon Juice","	Dimethicone	Alpha Arbutin	Oxybenzone	AHA (Alpha Hydroxy Acid)	Squalane"
Fine Lines Around Eyes,Sensitive,"	Aloe Vera Gel	Cucumber	Yogurt	Lemon Juice	Mint Leaves","	Tocopherol	Niacinamide	Licorice Extract	Vitamin C	Sodium PCA"
Fine Lines Around Eyes,Sensitive,"	Gram Flour	Turmeric	Curd	Honey	Rose Water","	Licorice Extract	Triethanolamine	Caffeine	Phenoxyethanol	Niacinamide"
Fine Lines Around Eyes,Sensitive,"	Papaya	Banana	Milk	Honey	Oatmeal","	Caffeine	Urea	Triclosan	Cyclopentasiloxane	Titanium Dioxide"
Fine Lines Around Eyes,Combinational,"	Tomato Pulp	Yogurt	Lemon Juice	Honey	Rice Flour","	Cyclopentasiloxane	Disodium EDTA	Alpha Arbutin	Retinol	Gluconolactone"
Fine Lines Around Eyes,Combinational,"	Orange Peel Powder	Milk	Honey	Aloe Vera	Rose Water","	Avobenzone	Benzoyl Peroxide	Phenoxyethanol	Gluconolactone	Kojic Acid"
Fine Lines Around Eyes,Combinational,"	Coffee Powder	Coconut Oil	Sugar	Lemon Juice	Honey","	Disodium EDTA	Hydroquinone	Caprylic Acid	Sodium Hydroxide	Peptides"
Fine Lines Around Eyes,Combinational,"	Besan (Gram Flour)	Sandalwood Powder	Turmeric	Milk Cream	Lemon Juice","	Sodium PCA	Vitamin C	Peptides	Panthenol	Kojic Acid"
Fine Lines Around Eyes,Combinational,"	Green Tea	Aloe Vera	Honey	Curd	Cucumber Juice","	Azelaic Acid	Octinoxate	Peptides	Dimethyl Sulfone	Sodium Hydroxide"
Fine Lines Around Eyes,Combinational,"	Almond Paste	Milk	Saffron	Honey	Oats Powder","	Retinol	Azelaic Acid	Disodium EDTA	Avobenzone	Ethylhexylglycerin"
Fine Lines Around Eyes,Combinational,"	Avocado Pulp	Milk Cream	Honey	Lemon Juice	Rose Water","	AHA (Alpha Hydroxy Acid)	Dimethyl Sulfone	BHT (Butylated Hydroxytoluene)	Triethanolamine	BHA (Beta Hydroxy Acid)"
Fine Lines Around Eyes,Dry,"	Banana	Milk Powder	Oatmeal	Honey	Turmeric","	Tartaric Acid	BHT (Butylated Hydroxytoluene)	Sodium Hydroxide	Avobenzone	Oxybenzone"
Fine Lines Around Eyes,Dry,"	Strawberry Pulp	Yogurt	Honey	Lemon Juice	Sugar","	Dimethicone	Avobenzone	Peptides	BHA (Beta Hydroxy Acid)	Retinol"
Fine Lines Around Eyes,Dry,"	Potato Juice	Rice Flour	Turmeric	Aloe Vera	Milk","	Propylene Glycol	BHA (Beta Hydroxy Acid)	Avobenzone	Urea	Ferulic Acid"
Fine Lines Around Eyes,Dry,"	Cucumber Pulp	Mint Paste	Honey	Yogurt	Rose Water","	Triethanolamine	Lactic Acid	Hydroquinone	Gluconolactone	Retinol"
Fine Lines Around Eyes,Dry,"	Carrot Paste	Yogurt	Honey	Turmeric	Aloe Vera Gel","	Urea	AHA (Alpha Hydroxy Acid)	BHA (Beta Hydroxy Acid)	Glycolic Acid	Lactic Acid"
Fine Lines Around Eyes,Dry,"	Sandalwood Powder	Rose Water	Curd	Turmeric	Rice Flour","	Tocopherol	Resveratrol	Retinol	Sodium Hydroxide	Niacinamide"
Fine Lines Around Eyes,Dry,"	Pumpkin Puree	Honey	Aloe Vera Gel	Yogurt	Oat Flour","	Oxybenzone	Octinoxate	Gluconolactone	Citric Acid	AHA (Alpha Hydroxy Acid)"
Fine Lines Around Eyes,Oily,"	Multani Mitti	Rose Water	Honey	Turmeric	Yogurt","	Triethanolamine	Butylene Glycol	Triclosan	Glycolic Acid	BHA (Beta Hydroxy Acid)"
Fine Lines Around Eyes,Oily,"	Pineapple Pulp	Milk	Rice Flour	Honey	Lemon Juice","	BHT (Butylated Hydroxytoluene)	Sodium Hydroxide	Kojic Acid	Dimethicone	Octinoxate"
Fine Lines Around Eyes,Oily,"	Spinach Puree	Milk Cream	Honey	Cucumber Juice	Yogurt","	Propylene Glycol	Gluconolactone	Peptides	Lactic Acid	BHA (Beta Hydroxy Acid)"
Fine Lines Around Eyes,Oily,"	Neem Powder	Honey	Turmeric	Milk	Lemon Juice","	Vitamin C	Cyclopentasiloxane	Glycerin	Niacinamide	Gluconolactone"
Fine Lines Around Eyes,Oily,"	Egg White	Honey	Lemon Juice	Oatmeal	Aloe Vera Gel","	Sodium Hydroxide	Azelaic Acid	Glycolic Acid	Sodium PCA	Glycerin"
Fine Lines Around Eyes,Oily,"	Kiwi Pulp	Yogurt	Rice Flour	Honey	Rose Water","	BHA (Beta Hydroxy Acid)	Phenoxyethanol	Oxybenzone	Alpha Arbutin	Tocopherol"
Fine Lines Around Eyes,Oily,"	Apple Pulp	Milk	Honey	Oatmeal	Lemon Juice","	Tocopherol	Resveratrol	Citric Acid	Allantoin	Disodium EDTA"
Face Redness,Normal,"	Gram Flour	Orange Juice	Turmeric	Yogurt	Honey","	Cyclopentasiloxane	Tartaric Acid	Octinoxate	Lactic Acid	Avobenzone"
Face Redness,Normal,"	Mango Pulp	Milk Cream	Honey	Rice Flour	Lemon Juice","	Sodium Hydroxide	Cyclopentasiloxane	Retinol	Vitamin C	Butylene Glycol"
Face Redness,Normal,"	Pomegranate Juice	Honey	Aloe Vera Gel	Milk Cream	Oat Powder","	Tartaric Acid	Citric Acid	Resveratrol	Panthenol	Caprylic Acid"
Face Redness,Normal,"	Watermelon Pulp	Honey	Curd	Rice Flour	Lemon Juice","	Benzoic Acid	Octinoxate	Peptides	Cyclopentasiloxane	Niacinamide"
Face Redness,Normal,"	Beetroot Juice	Gram Flour	Turmeric	Yogurt	Honey","	Triethanolamine	Benzoic Acid	Peptides	Hydroquinone	Urea"
Face Redness,Normal,"	Rose Petal Powder	Yogurt	Honey	Lemon Juice	Aloe Vera","	Sodium Hydroxide	Squalane	Benzoic Acid	Caffeine	Ceramides"
Face Redness,Normal,"	Pear Pulp	Oat Flour	Milk	Honey	Rose Water","	Octinoxate	Glycerin	Niacinamide	Urea	Butylene Glycol"
Face Redness,Sensitive,"	Carrot Juice	Turmeric	Milk Cream	Honey	Oatmeal","	Citric Acid	Sodium Hydroxide	Cyclopentasiloxane	Ceramides	Benzoic Acid"
Face Redness,Sensitive,"	Papaya Pulp	Lemon Juice	Milk	Rice Flour	Honey","	Squalane	Triclosan	Tartaric Acid	Phenoxyethanol	Niacinamide"
Face Redness,Sensitive,"	Tomato Juice	Honey	Multani Mitti	Rose Water	Curd","	Sodium Hydroxide	Benzoic Acid	Licorice Extract	Gluconolactone	Tocopherol"
Face Redness,Sensitive,"	Cucumber Juice	Honey	Aloe Vera	Turmeric	Mint Paste","	Salicylic Acid	Tocopherol	Urea	Azelaic Acid	Zinc Oxide"
Face Redness,Sensitive,"	Potato Paste	Curd	Honey	Milk Powder	Lemon Juice","	Cyclopentasiloxane	Disodium EDTA	Ethylhexylglycerin	Kojic Acid	Titanium Dioxide"
Face Redness,Sensitive,"	Pumpkin Juice	Yogurt	Rice Flour	Honey	Rose Water","	Ceramides	Peptides	Retinol	Resveratrol	Vitamin C"
Face Redness,Sensitive,"	Coconut Milk	Turmeric	Honey	Rose Petal Powder	Curd","	Gluconolactone	Disodium EDTA	Carbomer	Triclosan	Phenoxyethanol"
Face Redness,Combinational,"	Papaya Juice	Multani Mitti	Milk	Turmeric	Honey","	Glycolic Acid	Benzoic Acid	Cyclopentasiloxane	Disodium EDTA	Oxybenzone"
Face Redness,Combinational,"	Honey	Turmeric	Milk	Rose Water	Lemon Juice","	Ceramides	Octinoxate	Citric Acid	Peptides	Alpha Arbutin"
Face Redness,Combinational,"	Aloe Vera Gel	Cucumber	Yogurt	Lemon Juice	Mint Leaves","	Azelaic Acid	Squalane	Disodium EDTA	Oxybenzone	Alpha Arbutin"
Face Redness,Combinational,"	Gram Flour	Turmeric	Curd	Honey	Rose Water","	Caprylic Acid	BHA (Beta Hydroxy Acid)	Glycolic Acid	Allantoin	Tocopherol"
Face Redness,Combinational,"	Papaya	Banana	Milk	Honey	Oatmeal","	Tartaric Acid	Caprylic Acid	Sodium PCA	BHA (Beta Hydroxy Acid)	Oxybenzone"
Face Redness,Combinational,"	Tomato Pulp	Yogurt	Lemon Juice	Honey	Rice Flour","	Resveratrol	Dimethyl Sulfone	Triclosan	BHA (Beta Hydroxy Acid)	Titanium Dioxide"
Face Redness,Combinational,"	Orange Peel Powder	Milk	Honey	Aloe Vera	Rose Water","	Carbomer	Sodium PCA	Urea	Propylene Glycol	Kojic Acid"
Face Redness,Dry,"	Coffee Powder	Coconut Oil	Sugar	Lemon Juice	Honey","	Tocopherol	Tartaric Acid	BHT (Butylated Hydroxytoluene)	BHA (Beta Hydroxy Acid)	AHA (Alpha Hydroxy Acid)"
Face Redness,Dry,"	Besan (Gram Flour)	Sandalwood Powder	Turmeric	Milk Cream	Lemon Juice","	Disodium EDTA	Resveratrol	Citric Acid	Gluconolactone	Phenoxyethanol"
Face Redness,Dry,"	Green Tea	Aloe Vera	Honey	Curd	Cucumber Juice","	Allantoin	Alpha Arbutin	Kojic Acid	Octinoxate	Ceramides"
Face Redness,Dry,"	Almond Paste	Milk	Saffron	Honey	Oats Powder","	Panthenol	Lactic Acid	Sodium Hydroxide	Propylene Glycol	Tocopherol"
Face Redness,Dry,"	Avocado Pulp	Milk Cream	Honey	Lemon Juice	Rose Water","	Butylene Glycol	Vitamin C	Glycerin	Phenoxyethanol	Benzoyl Peroxide"
Face Redness,Dry,"	Banana	Milk Powder	Oatmeal	Honey	Turmeric","	Resveratrol	Niacinamide	Dimethyl Sulfone	Alpha Arbutin	Ferulic Acid"
Face Redness,Dry,"	Strawberry Pulp	Yogurt	Honey	Lemon Juice	Sugar","	BHA (Beta Hydroxy Acid)	Gluconolactone	Peptides	Licorice Extract	Niacinamide"
Face Redness,Oily,"	Potato Juice	Rice Flour	Turmeric	Aloe Vera	Milk","	Titanium Dioxide	BHA (Beta Hydroxy Acid)	Hydroquinone	Salicylic Acid	Allantoin"
Face Redness,Oily,"	Cucumber Pulp	Mint Paste	Honey	Yogurt	Rose Water","	Lactic Acid	Caffeine	Gluconolactone	Tocopherol	Sodium PCA"
Face Redness,Oily,"	Carrot Paste	Yogurt	Honey	Turmeric	Aloe Vera Gel","	Citric Acid	Niacinamide	Tocopherol	Titanium Dioxide	Salicylic Acid"
Face Redness,Oily,"	Sandalwood Powder	Rose Water	Curd	Turmeric	Rice Flour","	Dimethicone	Vitamin C	Glycerin	Sodium Hydroxide	Cyclopentasiloxane"
Face Redness,Oily,"	Pumpkin Puree	Honey	Aloe Vera Gel	Yogurt	Oat Flour","	Peptides	Ceramides	Glycolic Acid	Resveratrol	Propylene Glycol"
Face Redness,Oily,"	Multani Mitti	Rose Water	Honey	Turmeric	Yogurt","	Squalane	Ceramides	Dimethyl Sulfone	Glycerin	Propylene Glycol"
Face Redness,Oily,"	Pineapple Pulp	Milk	Rice Flour	Honey	Lemon Juice","	BHA (Beta Hydroxy Acid)	Oxybenzone	Hyaluronic Acid	Niacinamide	Salicylic Acid"
Acne,Normal,"	Spinach Puree	Milk Cream	Honey	Cucumber Juice	Yogurt","	Panthenol	Zinc Oxide	Peptides	Butylene Glycol	Caprylic Acid"
Acne,Normal,"	Neem Powder	Honey	Turmeric	Milk	Lemon Juice","	Octinoxate	Phenoxyethanol	Licorice Extract	Benzoyl Peroxide	Disodium EDTA"
Acne,Normal,"	Egg White	Honey	Lemon Juice	Oatmeal	Aloe Vera Gel","	Resveratrol	Sodium PCA	Urea	Benzoyl Peroxide	Lactic Acid"
Acne,Normal,"	Kiwi Pulp	Yogurt	Rice Flour	Honey	Rose Water","	Sodium PCA	Allantoin	Avobenzone	Oxybenzone	AHA (Alpha Hydroxy Acid)"
Acne,Normal,"	Apple Pulp	Milk	Honey	Oatmeal	Lemon Juice","	Retinol	Benzoyl Peroxide	Ethylhexylglycerin	Octinoxate	Carbomer"
Acne,Normal,"	Gram Flour	Orange Juice	Turmeric	Yogurt	Honey","	Salicylic Acid	Avobenzone	Gluconolactone	BHT (Butylated Hydroxytoluene)	Sodium PCA"
Acne,Normal,"	Mango Pulp	Milk Cream	Honey	Rice Flour	Lemon Juice","	Glycerin	Peptides	Resveratrol	Licorice Extract	Hyaluronic Acid"
Acne,Sensitive,"	Pomegranate Juice	Honey	Aloe Vera Gel	Milk Cream	Oat Powder","	Oxybenzone	Hydroquinone	Sodium PCA	BHT (Butylated Hydroxytoluene)	Allantoin"
Acne,Sensitive,"	Watermelon Pulp	Honey	Curd	Rice Flour	Lemon Juice","	Azelaic Acid	Benzoic Acid	Niacinamide	Phenoxyethanol	Tocopherol"
Acne,Sensitive,"	Beetroot Juice	Gram Flour	Turmeric	Yogurt	Honey","	Retinol	Phenoxyethanol	Carbomer	Gluconolactone	Butylene Glycol"
Acne,Sensitive,"	Rose Petal Powder	Yogurt	Honey	Lemon Juice	Aloe Vera","	Salicylic Acid	Citric Acid	Propylene Glycol	Glycolic Acid	Avobenzone"
Acne,Sensitive,"	Pear Pulp	Oat Flour	Milk	Honey	Rose Water","	Citric Acid	Tocopherol	Panthenol	Triclosan	Salicylic Acid"
Acne,Sensitive,"	Carrot Juice	Turmeric	Milk Cream	Honey	Oatmeal","	Hydroquinone	Retinol	Sodium PCA	Caprylic Acid	Benzoic Acid"
Acne,Sensitive,"	Papaya Pulp	Lemon Juice	Milk	Rice Flour	Honey","	Avobenzone	Vitamin C	Disodium EDTA	Triethanolamine	Triclosan"
Acne,Combinational,"	Tomato Juice	Honey	Multani Mitti	Rose Water	Curd","	Dimethyl Sulfone	Cyclopentasiloxane	Ceramides	Glycolic Acid	Hydroquinone"
Acne,Combinational,"	Cucumber Juice	Honey	Aloe Vera	Turmeric	Mint Paste","	Carbomer	Cyclopentasiloxane	Sodium Hydroxide	Azelaic Acid	Disodium EDTA"
Acne,Combinational,"	Potato Paste	Curd	Honey	Milk Powder	Lemon Juice","	Tartaric Acid	AHA (Alpha Hydroxy Acid)	Squalane	Propylene Glycol	Avobenzone"
Acne,Combinational,"	Pumpkin Juice	Yogurt	Rice Flour	Honey	Rose Water","	Azelaic Acid	Ceramides	Retinol	Glycerin	Disodium EDTA"
Acne,Combinational,"	Coconut Milk	Turmeric	Honey	Rose Petal Powder	Curd","	AHA (Alpha Hydroxy Acid)	Glycolic Acid	Resveratrol	Kojic Acid	Dimethicone"
Acne,Combinational,"	Papaya Juice	Multani Mitti	Milk	Turmeric	Honey","	Urea	Gluconolactone	Caffeine	Carbomer	Propylene Glycol"
Acne,Combinational,"	Honey	Turmeric	Milk	Rose Water	Lemon Juice","	Panthenol	Glycolic Acid	Dimethyl Sulfone	Sodium Hydroxide	Kojic Acid"
Acne,Dry,"	Aloe Vera Gel	Cucumber	Yogurt	Lemon Juice	Mint Leaves","	Resveratrol	Hydroquinone	Disodium EDTA	Lactic Acid	Sodium Hydroxide"
Acne,Dry,"	Gram Flour	Turmeric	Curd	Honey	Rose Water","	Cyclopentasiloxane	Ferulic Acid	Benzoyl Peroxide	Tocopherol	Licorice Extract"
Acne,Dry,"	Papaya	Banana	Milk	Honey	Oatmeal","	Caffeine	Triclosan	BHA (Beta Hydroxy Acid)	Citric Acid	Cyclopentasiloxane"
Acne,Dry,"	Tomato Pulp	Yogurt	Lemon Juice	Honey	Rice Flour","	Azelaic Acid	Ethylhexylglycerin	Squalane	Tocopherol	Phenoxyethanol"
Acne,Dry,"	Orange Peel Powder	Milk	Honey	Aloe Vera	Rose Water","	Ferulic Acid	Niacinamide	Caprylic Acid	Licorice Extract	Octinoxate"
Acne,Dry,"	Coffee Powder	Coconut Oil	Sugar	Lemon Juice	Honey","	Azelaic Acid	Carbomer	Resveratrol	Dimethicone	Vitamin C"
Acne,Dry,"	Besan (Gram Flour)	Sandalwood Powder	Turmeric	Milk Cream	Lemon Juice","	Niacinamide	Dimethicone	Benzoic Acid	Resveratrol	Urea"
Acne,Oily,"	Green Tea	Aloe Vera	Honey	Curd	Cucumber Juice","	BHA (Beta Hydroxy Acid)	Octinoxate	Glycerin	Licorice Extract	Alpha Arbutin"
Acne,Oily,"	Almond Paste	Milk	Saffron	Honey	Oats Powder","	Squalane	BHA (Beta Hydroxy Acid)	Hydroquinone	Glycolic Acid	Caprylic Acid"
Acne,Oily,"	Avocado Pulp	Milk Cream	Honey	Lemon Juice	Rose Water","	Hydroquinone	Oxybenzone	Licorice Extract	Ferulic Acid	Avobenzone"
Acne,Oily,"	Banana	Milk Powder	Oatmeal	Honey	Turmeric","	Lactic Acid	Retinol	Benzoic Acid	Avobenzone	Caffeine"
Acne,Oily,"	Strawberry Pulp	Yogurt	Honey	Lemon Juice	Sugar","	Tocopherol	Gluconolactone	Triclosan	Tartaric Acid	Alpha Arbutin"
Acne,Oily,"	Potato Juice	Rice Flour	Turmeric	Aloe Vera	Milk","	Salicylic Acid	Peptides	Octinoxate	Tartaric Acid	BHA (Beta Hydroxy Acid)"
Acne,Oily,"	Cucumber Pulp	Mint Paste	Honey	Yogurt	Rose Water","	Glycolic Acid	Ceramides	Retinol	Sodium PCA	Disodium EDTA"
Wrinkles,Normal,"	Carrot Paste	Yogurt	Honey	Turmeric	Aloe Vera Gel","	Sodium Hydroxide	Tocopherol	Citric Acid	BHT (Butylated Hydroxytoluene)	Glycolic Acid"
Wrinkles,Normal,"	Sandalwood Powder	Rose Water	Curd	Turmeric	Rice Flour","	Octinoxate	Peptides	Tartaric Acid	BHA (Beta Hydroxy Acid)	Tocopherol"
Wrinkles,Normal,"	Pumpkin Puree	Honey	Aloe Vera Gel	Yogurt	Oat Flour","	Tocopherol	BHA (Beta Hydroxy Acid)	Dimethyl Sulfone	Retinol	BHT (Butylated Hydroxytoluene)"
Wrinkles,Normal,"	Multani Mitti	Rose Water	Honey	Turmeric	Yogurt","	Ceramides	Phenoxyethanol	Tocopherol	Caffeine	Dimethicone"
Wrinkles,Normal,"	Pineapple Pulp	Milk	Rice Flour	Honey	Lemon Juice","	Sodium Hydroxide	Ferulic Acid	Sodium PCA	Benzoyl Peroxide	Salicylic Acid"
Wrinkles,Normal,"	Spinach Puree	Milk Cream	Honey	Cucumber Juice	Yogurt","	Triclosan	Azelaic Acid	Ethylhexylglycerin	Phenoxyethanol	Citric Acid"
Wrinkles,Normal,"	Neem Powder	Honey	Turmeric	Milk	Lemon Juice","	Butylene Glycol	Benzoyl Peroxide	Panthenol	Disodium EDTA	Glycerin"
Wrinkles,Sensitive,"	Egg White	Honey	Lemon Juice	Oatmeal	Aloe Vera Gel","	BHA (Beta Hydroxy Acid)	Zinc Oxide	Oxybenzone	Resveratrol	Squalane"
Wrinkles,Sensitive,"	Kiwi Pulp	Yogurt	Rice Flour	Honey	Rose Water","	Ethylhexylglycerin	Kojic Acid	Benzoyl Peroxide	Ceramides	Retinol"
Wrinkles,Sensitive,"	Apple Pulp	Milk	Honey	Oatmeal	Lemon Juice","	BHA (Beta Hydroxy Acid)	Azelaic Acid	Glycerin	Niacinamide	Tartaric Acid"
Wrinkles,Sensitive,"	Gram Flour	Orange Juice	Turmeric	Yogurt	Honey","	Dimethicone	Benzoic Acid	Hydroquinone	Glycerin	Retinol"
Wrinkles,Sensitive,"	Mango Pulp	Milk Cream	Honey	Rice Flour	Lemon Juice","	Butylene Glycol	Carbomer	Resveratrol	Urea	Alpha Arbutin"
Wrinkles,Sensitive,"	Pomegranate Juice	Honey	Aloe Vera Gel	Milk Cream	Oat Powder","	Glycerin	Squalane	Avobenzone	Azelaic Acid	Tocopherol"
Wrinkles,Sensitive,"	Watermelon Pulp	Honey	Curd	Rice Flour	Lemon Juice","	Gluconolactone	Titanium Dioxide	Benzoyl Peroxide	Kojic Acid	Ceramides"
Wrinkles,Combinational,"	Beetroot Juice	Gram Flour	Turmeric	Yogurt	Honey","	Sodium PCA	Ethylhexylglycerin	Salicylic Acid	Tocopherol	Butylene Glycol"
Wrinkles,Combinational,"	Rose Petal Powder	Yogurt	Honey	Lemon Juice	Aloe Vera","	BHT (Butylated Hydroxytoluene)	Tocopherol	AHA (Alpha Hydroxy Acid)	Butylene Glycol	Ceramides"
Wrinkles,Combinational,"	Pear Pulp	Oat Flour	Milk	Honey	Rose Water","	Oxybenzone	Niacinamide	Retinol	Urea	Caffeine"
Wrinkles,Combinational,"	Carrot Juice	Turmeric	Milk Cream	Honey	Oatmeal","	Glycerin	Caprylic Acid	Propylene Glycol	Phenoxyethanol	Allantoin"
Wrinkles,Combinational,"	Papaya Pulp	Lemon Juice	Milk	Rice Flour	Honey","	Disodium EDTA	Allantoin	BHT (Butylated Hydroxytoluene)	Retinol	Ceramides"
Wrinkles,Combinational,"	Tomato Juice	Honey	Multani Mitti	Rose Water	Curd","	Dimethicone	Sodium Hydroxide	Retinol	BHA (Beta Hydroxy Acid)	AHA (Alpha Hydroxy Acid)"
Wrinkles,Combinational,"	Cucumber Juice	Honey	Aloe Vera	Turmeric	Mint Paste","	Tartaric Acid	Phenoxyethanol	Hydroquinone	Ceramides	Disodium EDTA"
Wrinkles,Dry,"	Potato Paste	Curd	Honey	Milk Powder	Lemon Juice","	Butylene Glycol	Avobenzone	Triethanolamine	Azelaic Acid	Disodium EDTA"
Wrinkles,Dry,"	Pumpkin Juice	Yogurt	Rice Flour	Honey	Rose Water","	Ceramides	Licorice Extract	Gluconolactone	Lactic Acid	Benzoyl Peroxide"
Wrinkles,Dry,"	Coconut Milk	Turmeric	Honey	Rose Petal Powder	Curd","	Phenoxyethanol	Peptides	Urea	Alpha Arbutin	Dimethicone"
Wrinkles,Dry,"	Papaya Juice	Multani Mitti	Milk	Turmeric	Honey","	Glycerin	Titanium Dioxide	Hydroquinone	Phenoxyethanol	Resveratrol"
Wrinkles,Dry,"	Honey	Turmeric	Milk	Rose Water	Lemon Juice","	Niacinamide	Panthenol	Kojic Acid	Avobenzone	Butylene Glycol"
Wrinkles,Dry,"	Aloe Vera Gel	Cucumber	Yogurt	Lemon Juice	Mint Leaves","	Ferulic Acid	Ceramides	Avobenzone	Urea	Oxybenzone"
Wrinkles,Dry,"	Gram Flour	Turmeric	Curd	Honey	Rose Water","	Carbomer	Niacinamide	Gluconolactone	Sodium Hydroxide	Alpha Arbutin"
Wrinkles,Oily,"	Papaya	Banana	Milk	Honey	Oatmeal","	Triethanolamine	Peptides	Alpha Arbutin	Benzoic Acid	Oxybenzone"
Wrinkles,Oily,"	Tomato Pulp	Yogurt	Lemon Juice	Honey	Rice Flour","	Caprylic Acid	Octinoxate	Cyclopentasiloxane	BHT (Butylated Hydroxytoluene)	Glycolic Acid"
Wrinkles,Oily,"	Orange Peel Powder	Milk	Honey	Aloe Vera	Rose Water","	Salicylic Acid	Niacinamide	Glycolic Acid	Sodium Hydroxide	Disodium EDTA"
Wrinkles,Oily,"	Coffee Powder	Coconut Oil	Sugar	Lemon Juice	Honey","	BHT (Butylated Hydroxytoluene)	Panthenol	Sodium Hydroxide	Zinc Oxide	Disodium EDTA"
Wrinkles,Oily,"	Besan (Gram Flour)	Sandalwood Powder	Turmeric	Milk Cream	Lemon Juice","	BHT (Butylated Hydroxytoluene)	Allantoin	Oxybenzone	Avobenzone	Salicylic Acid"
Wrinkles,Oily,"	Green Tea	Aloe Vera	Honey	Curd	Cucumber Juice","	Ethylhexylglycerin	Avobenzone	Carbomer	Resveratrol	Sodium Hydroxide"
Wrinkles,Oily,"	Almond Paste	Milk	Saffron	Honey	Oats Powder","	Urea	Propylene Glycol	Sodium PCA	Tartaric Acid	Caffeine"
Dryness,Normal,"	Avocado Pulp	Milk Cream	Honey	Lemon Juice	Rose Water","	Urea	AHA (Alpha Hydroxy Acid)	Retinol	Squalane	Lactic Acid"
Dryness,Normal,"	Banana	Milk Powder	Oatmeal	Honey	Turmeric","	Alpha Arbutin	BHA (Beta Hydroxy Acid)	Allantoin	Propylene Glycol	AHA (Alpha Hydroxy Acid)"
Dryness,Normal,"	Strawberry Pulp	Yogurt	Honey	Lemon Juice	Sugar","	Zinc Oxide	Cyclopentasiloxane	Octinoxate	Peptides	Dimethicone"
Dryness,Normal,"	Potato Juice	Rice Flour	Turmeric	Aloe Vera	Milk","	Glycerin	Dimethicone	Caprylic Acid	Hydroquinone	Caffeine"
Dryness,Normal,"	Cucumber Pulp	Mint Paste	Honey	Yogurt	Rose Water","	Ceramides	Dimethyl Sulfone	Tocopherol	Gluconolactone	Butylene Glycol"
Dryness,Normal,"	Carrot Paste	Yogurt	Honey	Turmeric	Aloe Vera Gel","	Vitamin C	Dimethicone	Sodium PCA	AHA (Alpha Hydroxy Acid)	Benzoyl Peroxide"
Dryness,Normal,"	Sandalwood Powder	Rose Water	Curd	Turmeric	Rice Flour","	Ferulic Acid	BHA (Beta Hydroxy Acid)	Sodium PCA	Peptides	Vitamin C"
Dryness,Sensitive,"	Pumpkin Puree	Honey	Aloe Vera Gel	Yogurt	Oat Flour","	Lactic Acid	Resveratrol	Citric Acid	Oxybenzone	Allantoin"
Dryness,Sensitive,"	Multani Mitti	Rose Water	Honey	Turmeric	Yogurt","	Sodium PCA	Alpha Arbutin	Dimethicone	BHT (Butylated Hydroxytoluene)	Caprylic Acid"
Dryness,Sensitive,"	Pineapple Pulp	Milk	Rice Flour	Honey	Lemon Juice","	Dimethicone	Kojic Acid	Dimethyl Sulfone	Alpha Arbutin	Ethylhexylglycerin"
Dryness,Sensitive,"	Spinach Puree	Milk Cream	Honey	Cucumber Juice	Yogurt","	Gluconolactone	AHA (Alpha Hydroxy Acid)	Ethylhexylglycerin	Urea	Salicylic Acid"
Dryness,Sensitive,"	Neem Powder	Honey	Turmeric	Milk	Lemon Juice","	Niacinamide	Caffeine	Gluconolactone	AHA (Alpha Hydroxy Acid)	Sodium PCA"
Dryness,Sensitive,"	Egg White	Honey	Lemon Juice	Oatmeal	Aloe Vera Gel","	Zinc Oxide	Triethanolamine	Hydroquinone	Lactic Acid	Resveratrol"
Dryness,Sensitive,"	Kiwi Pulp	Yogurt	Rice Flour	Honey	Rose Water","	Ethylhexylglycerin	Octinoxate	Sodium Hydroxide	Tartaric Acid	Propylene Glycol"
Dryness,Combinational,"	Apple Pulp	Milk	Honey	Oatmeal	Lemon Juice","	Resveratrol	Carbomer	Hyaluronic Acid	Vitamin C	Licorice Extract"
Dryness,Combinational,"	Gram Flour	Orange Juice	Turmeric	Yogurt	Honey","	Ceramides	Panthenol	Caprylic Acid	Tocopherol	Dimethyl Sulfone"
Dryness,Combinational,"	Mango Pulp	Milk Cream	Honey	Rice Flour	Lemon Juice","	Caffeine	Tocopherol	Glycolic Acid	Lactic Acid	BHT (Butylated Hydroxytoluene)"
Dryness,Combinational,"	Pomegranate Juice	Honey	Aloe Vera Gel	Milk Cream	Oat Powder","	Butylene Glycol	Kojic Acid	Tocopherol	Resveratrol	Retinol"
Dryness,Combinational,"	Watermelon Pulp	Honey	Curd	Rice Flour	Lemon Juice","	Citric Acid	Gluconolactone	BHA (Beta Hydroxy Acid)	Dimethyl Sulfone	Butylene Glycol"
Dryness,Combinational,"	Beetroot Juice	Gram Flour	Turmeric	Yogurt	Honey","	Ferulic Acid	Oxybenzone	Tartaric Acid	Benzoyl Peroxide	Ceramides"
Dryness,Combinational,"	Rose Petal Powder	Yogurt	Honey	Lemon Juice	Aloe Vera","	Vitamin C	Caffeine	Tocopherol	Cyclopentasiloxane	Butylene Glycol"
Dryness,Dry,"	Pear Pulp	Oat Flour	Milk	Honey	Rose Water","	Tocopherol	Dimethyl Sulfone	Peptides	Kojic Acid	Octinoxate"
Dryness,Dry,"	Carrot Juice	Turmeric	Milk Cream	Honey	Oatmeal","	Gluconolactone	Caffeine	Glycolic Acid	Ceramides	Glycerin"
Dryness,Dry,"	Papaya Pulp	Lemon Juice	Milk	Rice Flour	Honey","	Cyclopentasiloxane	Propylene Glycol	Phenoxyethanol	AHA (Alpha Hydroxy Acid)	Peptides"
Dryness,Dry,"	Tomato Juice	Honey	Multani Mitti	Rose Water	Curd","	Octinoxate	Gluconolactone	Ceramides	Dimethicone	Oxybenzone"
Dryness,Dry,"	Cucumber Juice	Honey	Aloe Vera	Turmeric	Mint Paste","	Dimethicone	Alpha Arbutin	Caffeine	Oxybenzone	Triclosan"
Dryness,Dry,"	Potato Paste	Curd	Honey	Milk Powder	Lemon Juice","	Urea	Triethanolamine	Cyclopentasiloxane	Gluconolactone	Carbomer"
Dryness,Dry,"	Pumpkin Juice	Yogurt	Rice Flour	Honey	Rose Water","	Ethylhexylglycerin	Glycerin	BHT (Butylated Hydroxytoluene)	Urea	Propylene Glycol"
Dryness,Oily,"	Coconut Milk	Turmeric	Honey	Rose Petal Powder	Curd","	Salicylic Acid	Tocopherol	Cyclopentasiloxane	Tartaric Acid	Benzoyl Peroxide"
Dryness,Oily,"	Papaya Juice	Multani Mitti	Milk	Turmeric	Honey","	Allantoin	Triethanolamine	Urea	Caprylic Acid	Squalane"
Dryness,Oily,"	Honey	Turmeric	Milk	Rose Water	Lemon Juice","	Avobenzone	Salicylic Acid	Octinoxate	Propylene Glycol	Panthenol"
Dryness,Oily,"	Aloe Vera Gel	Cucumber	Yogurt	Lemon Juice	Mint Leaves","	Sodium Hydroxide	Disodium EDTA	Triethanolamine	BHT (Butylated Hydroxytoluene)	Titanium Dioxide"
Dryness,Oily,"	Gram Flour	Turmeric	Curd	Honey	Rose Water","	Caprylic Acid	Lactic Acid	Triethanolamine	Propylene Glycol	Alpha Arbutin"
Dryness,Oily,"	Papaya	Banana	Milk	Honey	Oatmeal","	Phenoxyethanol	Avobenzone	Caprylic Acid	Oxybenzone	Disodium EDTA"
Dryness,Oily,"	Tomato Pulp	Yogurt	Lemon Juice	Honey	Rice Flour","	Citric Acid	Peptides	Tartaric Acid	Sodium PCA	Glycolic Acid"
